Pack Content ID, Item 1 Token Addr, Item 1 Token Type, Item 1 Token IDs, Item 1 Amounts, Item 2 Token Addr, Item 2 Token Type, Item 2 Token IDs, Item 2 Amounts
1,0x3a6a8f4091b705fe1241c47e2532d45a6dff5a85,721,"1200","1",0xa558419686308ce836c36a5c44eeeb4b0916ca7b,1155,"5,6","7,3"
2,0x3a6a8f4091b705fe1241c47e2532d45a6dff5a85,721,"1201","1",0xa558419686308ce836c36a5c44eeeb4b0916ca7b,1155,"9,10","7,9"
3,0x3a6a8f4091b705fe1241c47e2532d45a6dff5a85,721,"1202","1",0xa558419686308ce836c36a5c44eeeb4b0916ca7b,1155,"7,8","4,8"
4,0x3a6a8f4091b705fe1241c47e2532d45a6dff5a85,721,"1203","1",0xa558419686308ce836c36a5c44eeeb4b0916ca7b,1155,"9","7"
5,0x3a6a8f4091b705fe1241c47e2532d45a6dff5a85,721,"1204","1",0xa558419686308ce836c36a5c44eeeb4b0916ca7b,1155,"9,10","5,4"
6,0x3a6a8f4091b705fe1241c47e2532d45a6dff5a85,721,"1205,1206","1,1",0xa558419686308ce836c36a5c44eeeb4b0916ca7b,1155,"2","3"
7,0x3a6a8f4091b705fe1241c47e2532d45a6dff5a85,721,"1207,1208","1,1",0xa558419686308ce836c36a5c44eeeb4b0916ca7b,1155,"2","6"
8,0x3a6a8f4091b705fe1241c47e2532d45a6dff5a85,721,"1209,1210","1,1",0xa558419686308ce836c36a5c44eeeb4b0916ca7b,1155,"3,4","6,5"
9,0x3a6a8f4091b705fe1241c47e2532d45a6dff5a85,721,"1211,1212","1,1",0xa558419686308ce836c36a5c44eeeb4b0916ca7b,1155,"6","8"
10,0x3a6a8f4091b705fe1241c47e2532d45a6dff5a85,721,"1213,1214","1,1",0xa558419686308ce836c36a5c44eeeb4b0916ca7b,1155,"5","7"
11,0x3a6a8f4091b705fe1241c47e2532d45a6dff5a85,721,"1215","1",0xa558419686308ce836c36a5c44eeeb4b0916ca7b,1155,"7","10"
12,0x3a6a8f4091b705fe1241c47e2532d45a6dff5a85,721,"1216,1217","1,1",0xa558419686308ce836c36a5c44eeeb4b0916ca7b,1155,"4,5","5,7"
13,0x3a6a8f4091b705fe1241c47e2532d45a6dff5a85,721,"1218","1",0xa558419686308ce836c36a5c44eeeb4b0916ca7b,1155,"1,2","8,9"
14,0x3a6a8f4091b705fe1241c47e2532d45a6dff5a85,721,"1219,1220","1,1",0xa558419686308ce836c36a5c44eeeb4b0916ca7b,1155,"8","6"
15,0x3a6a8f4091b705fe1241c47e2532d45a6dff5a85,721,"1221,1222","1,1",0xa558419686308ce836c36a5c44eeeb4b0916ca7b,1155,"3","3"
16,0x3a6a8f4091b705fe1241c47e2532d45a6dff5a85,721,"1223","1",0xa558419686308ce836c36a5c44eeeb4b0916ca7b,1155,"0,1","10,9"
17,0x3a6a8f4091b705fe1241c47e2532d45a6dff5a85,721,"1224","1",0xa558419686308ce836c36a5c44eeeb4b0916ca7b,1155,"2","6"
18,0x3a6a8f4091b705fe1241c47e2532d45a6dff5a85,721,"1225","1",0xa558419686308ce836c36a5c44eeeb4b0916ca7b,1155,"1","7"
19,0x3a6a8f4091b705fe1241c47e2532d45a6dff5a85,721,"1226,1227","1,1",0xa558419686308ce836c36a5c44eeeb4b0916ca7b,1155,"6,7","9,9"
20,0x3a6a8f4091b705fe1241c47e2532d45a6dff5a85,721,"1228,1229","1,1",0xa558419686308ce836c36a5c44eeeb4b0916ca7b,1155,"0,1","4,4"
21,0x3a6a8f4091b705fe1241c47e2532d45a6dff5a85,721,"1230","1",0xa558419686308ce836c36a5c44eeeb4b0916ca7b,1155,"7","6"
22,0x3a6a8f4091b705fe1241c47e2532d45a6dff5a85,721,"1231,1232","1,1",0xa558419686308ce836c36a5c44eeeb4b0916ca7b,1155,"9,10","4,9"
23,0x3a6a8f4091b705fe1241c47e2532d45a6dff5a85,721,"1233,1234","1,1",0xa558419686308ce836c36a5c44eeeb4b0916ca7b,1155,"1,2","8,8"
24,0x3a6a8f4091b705fe1241c47e2532d45a6dff5a85,721,"1235","1",0xa558419686308ce836c36a5c44eeeb4b0916ca7b,1155,"2,3","9,10"
25,0x3a6a8f4091b705fe1241c47e2532d45a6dff5a85,721,"1236,1237","1,1",0xa558419686308ce836c36a5c44eeeb4b0916ca7b,1155,"6","5"
26,0x3a6a8f4091b705fe1241c47e2532d45a6dff5a85,721,"1238,1239","1,1",0xa558419686308ce836c36a5c44eeeb4b0916ca7b,1155,"9,10","8,6"
27,0x3a6a8f4091b705fe1241c47e2532d45a6dff5a85,721,"1240,1241","1,1",0xa558419686308ce836c36a5c44eeeb4b0916ca7b,1155,"1,2","6,10"
28,0x3a6a8f4091b705fe1241c47e2532d45a6dff5a85,721,"1242,1243","1,1",0xa558419686308ce836c36a5c44eeeb4b0916ca7b,1155,"8","6"
29,0x3a6a8f4091b705fe1241c47e2532d45a6dff5a85,721,"1244","1",0xa558419686308ce836c36a5c44eeeb4b0916ca7b,1155,"6","9"
30,0x3a6a8f4091b705fe1241c47e2532d45a6dff5a85,721,"1245,1246","1,1",0xa558419686308ce836c36a5c44eeeb4b0916ca7b,1155,"4,5","4,4"
31,0x3a6a8f4091b705fe1241c47e2532d45a6dff5a85,721,"1247,1248","1,1",0xa558419686308ce836c36a5c44eeeb4b0916ca7b,1155,"9","7"
32,0x3a6a8f4091b705fe1241c47e2532d45a6dff5a85,721,"1249","1",0xa558419686308ce836c36a5c44eeeb4b0916ca7b,1155,"4","4"
33,0x3a6a8f4091b705fe1241c47e2532d45a6dff5a85,721,"1250","1",0xa558419686308ce836c36a5c44eeeb4b0916ca7b,1155,"7,8","7,10"
34,0x3a6a8f4091b705fe1241c47e2532d45a6dff5a85,721,"1251,1252","1,1",0xa558419686308ce836c36a5c44eeeb4b0916ca7b,1155,"9,10","5,8"
35,0x3a6a8f4091b705fe1241c47e2532d45a6dff5a85,721,"1253,1254","1,1",0xa558419686308ce836c36a5c44eeeb4b0916ca7b,1155,"9","8"
36,0x3a6a8f4091b705fe1241c47e2532d45a6dff5a85,721,"1255","1",0xa558419686308ce836c36a5c44eeeb4b0916ca7b,1155,"6","7"
37,0x3a6a8f4091b705fe1241c47e2532d45a6dff5a85,721,"1256,1257","1,1",0xa558419686308ce836c36a5c44eeeb4b0916ca7b,1155,"7,8","7,5"
38,0x3a6a8f4091b705fe1241c47e2532d45a6dff5a85,721,"1258","1",0xa558419686308ce836c36a5c44eeeb4b0916ca7b,1155,"6,7","3,3"
39,0x3a6a8f4091b705fe1241c47e2532d45a6dff5a85,721,"1259","1",0xa558419686308ce836c36a5c44eeeb4b0916ca7b,1155,"4,5","7,3"
40,0x3a6a8f4091b705fe1241c47e2532d45a6dff5a85,721,"1260","1",0xa558419686308ce836c36a5c44eeeb4b0916ca7b,1155,"3,4","6,9"
41,0x3a6a8f4091b705fe1241c47e2532d45a6dff5a85,721,"1261,1262","1,1",0xa558419686308ce836c36a5c44eeeb4b0916ca7b,1155,"3,4","7,6"
42,0x3a6a8f4091b705fe1241c47e2532d45a6dff5a85,721,"1263","1",0xa558419686308ce836c36a5c44eeeb4b0916ca7b,1155,"5","4"
43,0x3a6a8f4091b705fe1241c47e2532d45a6dff5a85,721,"1264,1265","1,1",0xa558419686308ce836c36a5c44eeeb4b0916ca7b,1155,"6","6"
44,0x3a6a8f4091b705fe1241c47e2532d45a6dff5a85,721,"1266","1",0xa558419686308ce836c36a5c44eeeb4b0916ca7b,1155,"8,9","5,10"
45,0x3a6a8f4091b705fe1241c47e2532d45a6dff5a85,721,"1267","1",0xa558419686308ce836c36a5c44eeeb4b0916ca7b,1155,"8,9","5,4"
46,0x3a6a8f4091b705fe1241c47e2532d45a6dff5a85,721,"1268","1",0xa558419686308ce836c36a5c44eeeb4b0916ca7b,1155,"7,8","8,10"
47,0x3a6a8f4091b705fe1241c47e2532d45a6dff5a85,721,"1269","1",0xa558419686308ce836c36a5c44eeeb4b0916ca7b,1155,"3,4","6,4"
48,0x3a6a8f4091b705fe1241c47e2532d45a6dff5a85,721,"1270,1271","1,1",0xa558419686308ce836c36a5c44eeeb4b0916ca7b,1155,"9,10","5,4"
49,0x3a6a8f4091b705fe1241c47e2532d45a6dff5a85,721,"1272,1273","1,1",0xa558419686308ce836c36a5c44eeeb4b0916ca7b,1155,"9,10","8,9"
50,0x3a6a8f4091b705fe1241c47e2532d45a6dff5a85,721,"1274","1",0xa558419686308ce836c36a5c44eeeb4b0916ca7b,1155,"7","5"
51,0x3a6a8f4091b705fe1241c47e2532d45a6dff5a85,721,"1275,1276","1,1",0xa558419686308ce836c36a5c44eeeb4b0916ca7b,1155,"7","5"
52,0x3a6a8f4091b705fe1241c47e2532d45a6dff5a85,721,"1277,1278","1,1",0xa558419686308ce836c36a5c44eeeb4b0916ca7b,1155,"2","3"
53,0x3a6a8f4091b705fe1241c47e2532d45a6dff5a85,721,"1279","1",0xa558419686308ce836c36a5c44eeeb4b0916ca7b,1155,"4,5","7,5"
54,0x3a6a8f4091b705fe1241c47e2532d45a6dff5a85,721,"1280,1281","1,1",0xa558419686308ce836c36a5c44eeeb4b0916ca7b,1155,"7","6"
55,0x3a6a8f4091b705fe1241c47e2532d45a6dff5a85,721,"1282","1",0xa558419686308ce836c36a5c44eeeb4b0916ca7b,1155,"5,6","9,3"
56,0x3a6a8f4091b705fe1241c47e2532d45a6dff5a85,721,"1283","1",0xa558419686308ce836c36a5c44eeeb4b0916ca7b,1155,"4,5","5,10"
57,0x3a6a8f4091b705fe1241c47e2532d45a6dff5a85,721,"1284","1",0xa558419686308ce836c36a5c44eeeb4b0916ca7b,1155,"7,8","8,6"
58,0x3a6a8f4091b705fe1241c47e2532d45a6dff5a85,721,"1285,1286","1,1",0xa558419686308ce836c36a5c44eeeb4b0916ca7b,1155,"2,3","7,7"
59,0x3a6a8f4091b705fe1241c47e2532d45a6dff5a85,721,"1287","1",0xa558419686308ce836c36a5c44eeeb4b0916ca7b,1155,"9,10","6,7"
60,0x3a6a8f4091b705fe1241c47e2532d45a6dff5a85,721,"1288","1",0xa558419686308ce836c36a5c44eeeb4b0916ca7b,1155,"0,1","8,8"
61,0x3a6a8f4091b705fe1241c47e2532d45a6dff5a85,721,"1289,1290","1,1",0xa558419686308ce836c36a5c44eeeb4b0916ca7b,1155,"8","3"
62,0x3a6a8f4091b705fe1241c47e2532d45a6dff5a85,721,"1291","1",0xa558419686308ce836c36a5c44eeeb4b0916ca7b,1155,"1","5"
63,0x3a6a8f4091b705fe1241c47e2532d45a6dff5a85,721,"1292","1",0xa558419686308ce836c36a5c44eeeb4b0916ca7b,1155,"1","5"
64,0x3a6a8f4091b705fe1241c47e2532d45a6dff5a85,721,"1293,1294","1,1",0xa558419686308ce836c36a5c44eeeb4b0916ca7b,1155,"9,10","6,3"
65,0x3a6a8f4091b705fe1241c47e2532d45a6dff5a85,721,"1295","1",0xa558419686308ce836c36a5c44eeeb4b0916ca7b,1155,"0","6"
66,0x3a6a8f4091b705fe1241c47e2532d45a6dff5a85,721,"1296,1297","1,1",0xa558419686308ce836c36a5c44eeeb4b0916ca7b,1155,"7","9"
67,0x3a6a8f4091b705fe1241c47e2532d45a6dff5a85,721,"1298","1",0xa558419686308ce836c36a5c44eeeb4b0916ca7b,1155,"6,7","7,9"
68,0x3a6a8f4091b705fe1241c47e2532d45a6dff5a85,721,"1299","1",0xa558419686308ce836c36a5c44eeeb4b0916ca7b,1155,"3","6"
69,0x3a6a8f4091b705fe1241c47e2532d45a6dff5a85,721,"1300,1301","1,1",0xa558419686308ce836c36a5c44eeeb4b0916ca7b,1155,"6,7","10,7"
70,0x3a6a8f4091b705fe1241c47e2532d45a6dff5a85,721,"1302","1",0xa558419686308ce836c36a5c44eeeb4b0916ca7b,1155,"3,4","4,7"
71,0x3a6a8f4091b705fe1241c47e2532d45a6dff5a85,721,"1303","1",0xa558419686308ce836c36a5c44eeeb4b0916ca7b,1155,"9","4"
72,0x3a6a8f4091b705fe1241c47e2532d45a6dff5a85,721,"1304","1",0xa558419686308ce836c36a5c44eeeb4b0916ca7b,1155,"9","10"
73,0x3a6a8f4091b705fe1241c47e2532d45a6dff5a85,721,"1305","1",0xa558419686308ce836c36a5c44eeeb4b0916ca7b,1155,"4,5","6,10"
74,0x3a6a8f4091b705fe1241c47e2532d45a6dff5a85,721,"1306,1307","1,1",0xa558419686308ce836c36a5c44eeeb4b0916ca7b,1155,"8,9","9,8"
75,0x3a6a8f4091b705fe1241c47e2532d45a6dff5a85,721,"1308","1",0xa558419686308ce836c36a5c44eeeb4b0916ca7b,1155,"5,6","8,4"
76,0x3a6a8f4091b705fe1241c47e2532d45a6dff5a85,721,"1309","1",0xa558419686308ce836c36a5c44eeeb4b0916ca7b,1155,"8,9","5,4"
77,0x3a6a8f4091b705fe1241c47e2532d45a6dff5a85,721,"1310","1",0xa558419686308ce836c36a5c44eeeb4b0916ca7b,1155,"0,1","6,9"
78,0x3a6a8f4091b705fe1241c47e2532d45a6dff5a85,721,"1311,1312","1,1",0xa558419686308ce836c36a5c44eeeb4b0916ca7b,1155,"1","8"
79,0x3a6a8f4091b705fe1241c47e2532d45a6dff5a85,721,"1313,1314","1,1",0xa558419686308ce836c36a5c44eeeb4b0916ca7b,1155,"5,6","3,9"
80,0x3a6a8f4091b705fe1241c47e2532d45a6dff5a85,721,"1315,1316","1,1",0xa558419686308ce836c36a5c44eeeb4b0916ca7b,1155,"7,8","10,3"
81,0x3a6a8f4091b705fe1241c47e2532d45a6dff5a85,721,"1317","1",0xa558419686308ce836c36a5c44eeeb4b0916ca7b,1155,"1","3"
82,0x3a6a8f4091b705fe1241c47e2532d45a6dff5a85,721,"1318","1",0xa558419686308ce836c36a5c44eeeb4b0916ca7b,1155,"9","3"
83,0x3a6a8f4091b705fe1241c47e2532d45a6dff5a85,721,"1319","1",0xa558419686308ce836c36a5c44eeeb4b0916ca7b,1155,"9","4"
84,0x3a6a8f4091b705fe1241c47e2532d45a6dff5a85,721,"1320,1321","1,1",0xa558419686308ce836c36a5c44eeeb4b0916ca7b,1155,"9,10","8,9"
85,0x3a6a8f4091b705fe1241c47e2532d45a6dff5a85,721,"1322,1323","1,1",0xa558419686308ce836c36a5c44eeeb4b0916ca7b,1155,"9","6"
86,0x3a6a8f4091b705fe1241c47e2532d45a6dff5a85,721,"1324,1325","1,1",0xa558419686308ce836c36a5c44eeeb4b0916ca7b,1155,"8,9","5,7"
87,0x3a6a8f4091b705fe1241c47e2532d45a6dff5a85,721,"1326,1327","1,1",0xa558419686308ce836c36a5c44eeeb4b0916ca7b,1155,"1,2","6,8"
88,0x3a6a8f4091b705fe1241c47e2532d45a6dff5a85,721,"1328,1329","1,1",0xa558419686308ce836c36a5c44eeeb4b0916ca7b,1155,"4","6"
89,0x3a6a8f4091b705fe1241c47e2532d45a6dff5a85,721,"1330","1",0xa558419686308ce836c36a5c44eeeb4b0916ca7b,1155,"5","7"
90,0x3a6a8f4091b705fe1241c47e2532d45a6dff5a85,721,"1331","1",0xa558419686308ce836c36a5c44eeeb4b0916ca7b,1155,"9,10","5,8"
91,0x3a6a8f4091b705fe1241c47e2532d45a6dff5a85,721,"1332","1",0xa558419686308ce836c36a5c44eeeb4b0916ca7b,1155,"7,8","8,7"
92,0x3a6a8f4091b705fe1241c47e2532d45a6dff5a85,721,"1333,1334","1,1",0xa558419686308ce836c36a5c44eeeb4b0916ca7b,1155,"5,6","10,10"
93,0x3a6a8f4091b705fe1241c47e2532d45a6dff5a85,721,"1335","1",0xa558419686308ce836c36a5c44eeeb4b0916ca7b,1155,"3,4","4,6"
94,0x3a6a8f4091b705fe1241c47e2532d45a6dff5a85,721,"1336","1",0xa558419686308ce836c36a5c44eeeb4b0916ca7b,1155,"3","3"
95,0x3a6a8f4091b705fe1241c47e2532d45a6dff5a85,721,"1337,1338","1,1",0xa558419686308ce836c36a5c44eeeb4b0916ca7b,1155,"9,10","10,8"
96,0x3a6a8f4091b705fe1241c47e2532d45a6dff5a85,721,"1339,1340","1,1",0xa558419686308ce836c36a5c44eeeb4b0916ca7b,1155,"0","6"
97,0x3a6a8f4091b705fe1241c47e2532d45a6dff5a85,721,"1341,1342","1,1",0xa558419686308ce836c36a5c44eeeb4b0916ca7b,1155,"8,9","9,7"
98,0x3a6a8f4091b705fe1241c47e2532d45a6dff5a85,721,"1343,1344","1,1",0xa558419686308ce836c36a5c44eeeb4b0916ca7b,1155,"7,8","9,5"
99,0x3a6a8f4091b705fe1241c47e2532d45a6dff5a85,721,"1345,1346","1,1",0xa558419686308ce836c36a5c44eeeb4b0916ca7b,1155,"2,3","4,3"
100,0x3a6a8f4091b705fe1241c47e2532d45a6dff5a85,721,"1347,1348","1,1",0xa558419686308ce836c36a5c44eeeb4b0916ca7b,1155,"5,6","3,3"
101,0x3a6a8f4091b705fe1241c47e2532d45a6dff5a85,721,"1349","1",0xa558419686308ce836c36a5c44eeeb4b0916ca7b,1155,"7","3"
102,0x3a6a8f4091b705fe1241c47e2532d45a6dff5a85,721,"1350,1351","1,1",0xa558419686308ce836c36a5c44eeeb4b0916ca7b,1155,"1","10"
103,0x3a6a8f4091b705fe1241c47e2532d45a6dff5a85,721,"1352","1",0xa558419686308ce836c36a5c44eeeb4b0916ca7b,1155,"7","6"
104,0x3a6a8f4091b705fe1241c47e2532d45a6dff5a85,721,"1353","1",0xa558419686308ce836c36a5c44eeeb4b0916ca7b,1155,"6","4"
105,0x3a6a8f4091b705fe1241c47e2532d45a6dff5a85,721,"1354,1355","1,1",0xa558419686308ce836c36a5c44eeeb4b0916ca7b,1155,"9,10","7,5"
106,0x3a6a8f4091b705fe1241c47e2532d45a6dff5a85,721,"1356","1",0xa558419686308ce836c36a5c44eeeb4b0916ca7b,1155,"8,9","8,3"
107,0x3a6a8f4091b705fe1241c47e2532d45a6dff5a85,721,"1357,1358","1,1",0xa558419686308ce836c36a5c44eeeb4b0916ca7b,1155,"1,2","3,10"
108,0x3a6a8f4091b705fe1241c47e2532d45a6dff5a85,721,"1359","1",0xa558419686308ce836c36a5c44eeeb4b0916ca7b,1155,"7,8","6,9"
109,0x3a6a8f4091b705fe1241c47e2532d45a6dff5a85,721,"1360,1361","1,1",0xa558419686308ce836c36a5c44eeeb4b0916ca7b,1155,"6,7","8,3"
110,0x3a6a8f4091b705fe1241c47e2532d45a6dff5a85,721,"1362,1363","1,1",0xa558419686308ce836c36a5c44eeeb4b0916ca7b,1155,"0","6"
111,0x3a6a8f4091b705fe1241c47e2532d45a6dff5a85,721,"1364,1365","1,1",0xa558419686308ce836c36a5c44eeeb4b0916ca7b,1155,"7","9"
112,0x3a6a8f4091b705fe1241c47e2532d45a6dff5a85,721,"1366,1367","1,1",0xa558419686308ce836c36a5c44eeeb4b0916ca7b,1155,"0,1","10,7"
113,0x3a6a8f4091b705fe1241c47e2532d45a6dff5a85,721,"1368","1",0xa558419686308ce836c36a5c44eeeb4b0916ca7b,1155,"3,4","4,6"
114,0x3a6a8f4091b705fe1241c47e2532d45a6dff5a85,721,"1369","1",0xa558419686308ce836c36a5c44eeeb4b0916ca7b,1155,"8","9"
115,0x3a6a8f4091b705fe1241c47e2532d45a6dff5a85,721,"1370,1371","1,1",0xa558419686308ce836c36a5c44eeeb4b0916ca7b,1155,"0","7"
116,0x3a6a8f4091b705fe1241c47e2532d45a6dff5a85,721,"1372,1373","1,1",0xa558419686308ce836c36a5c44eeeb4b0916ca7b,1155,"6","10"
117,0x3a6a8f4091b705fe1241c47e2532d45a6dff5a85,721,"1374","1",0xa558419686308ce836c36a5c44eeeb4b0916ca7b,1155,"5,6","4,8"
118,0x3a6a8f4091b705fe1241c47e2532d45a6dff5a85,721,"1375,1376","1,1",0xa558419686308ce836c36a5c44eeeb4b0916ca7b,1155,"6,7","10,9"
119,0x3a6a8f4091b705fe1241c47e2532d45a6dff5a85,721,"1377,1378","1,1",0xa558419686308ce836c36a5c44eeeb4b0916ca7b,1155,"3","4"
120,0x3a6a8f4091b705fe1241c47e2532d45a6dff5a85,721,"1379,1380","1,1",0xa558419686308ce836c36a5c44eeeb4b0916ca7b,1155,"7","9"
121,0x3a6a8f4091b705fe1241c47e2532d45a6dff5a85,721,"1381,1382","1,1",0xa558419686308ce836c36a5c44eeeb4b0916ca7b,1155,"9","6"
122,0x3a6a8f4091b705fe1241c47e2532d45a6dff5a85,721,"1383,1384","1,1",0xa558419686308ce836c36a5c44eeeb4b0916ca7b,1155,"2,3","9,9"
123,0x3a6a8f4091b705fe1241c47e2532d45a6dff5a85,721,"1385,1386","1,1",0xa558419686308ce836c36a5c44eeeb4b0916ca7b,1155,"9,10","4,6"
124,0x3a6a8f4091b705fe1241c47e2532d45a6dff5a85,721,"1387","1",0xa558419686308ce836c36a5c44eeeb4b0916ca7b,1155,"1,2","9,8"
125,0x3a6a8f4091b705fe1241c47e2532d45a6dff5a85,721,"1388","1",0xa558419686308ce836c36a5c44eeeb4b0916ca7b,1155,"9","5"
126,0x3a6a8f4091b705fe1241c47e2532d45a6dff5a85,721,"1389","1",0xa558419686308ce836c36a5c44eeeb4b0916ca7b,1155,"0","7"
127,0x3a6a8f4091b705fe1241c47e2532d45a6dff5a85,721,"1390","1",0xa558419686308ce836c36a5c44eeeb4b0916ca7b,1155,"8","4"
128,0x3a6a8f4091b705fe1241c47e2532d45a6dff5a85,721,"1391","1",0xa558419686308ce836c36a5c44eeeb4b0916ca7b,1155,"9","3"
129,0x3a6a8f4091b705fe1241c47e2532d45a6dff5a85,721,"1392,1393","1,1",0xa558419686308ce836c36a5c44eeeb4b0916ca7b,1155,"5,6","6,3"
130,0x3a6a8f4091b705fe1241c47e2532d45a6dff5a85,721,"1394","1",0xa558419686308ce836c36a5c44eeeb4b0916ca7b,1155,"9,10","5,7"
131,0x3a6a8f4091b705fe1241c47e2532d45a6dff5a85,721,"1395,1396","1,1",0xa558419686308ce836c36a5c44eeeb4b0916ca7b,1155,"5,6","7,3"
132,0x3a6a8f4091b705fe1241c47e2532d45a6dff5a85,721,"1397,1398","1,1",0xa558419686308ce836c36a5c44eeeb4b0916ca7b,1155,"6,7","5,6"
133,0x3a6a8f4091b705fe1241c47e2532d45a6dff5a85,721,"1399,1400","1,1",0xa558419686308ce836c36a5c44eeeb4b0916ca7b,1155,"7","5"
134,0x3a6a8f4091b705fe1241c47e2532d45a6dff5a85,721,"1401,1402","1,1",0xa558419686308ce836c36a5c44eeeb4b0916ca7b,1155,"9","3"
135,0x3a6a8f4091b705fe1241c47e2532d45a6dff5a85,721,"1403,1404","1,1",0xa558419686308ce836c36a5c44eeeb4b0916ca7b,1155,"9","3"
136,0x3a6a8f4091b705fe1241c47e2532d45a6dff5a85,721,"1405,1406","1,1",0xa558419686308ce836c36a5c44eeeb4b0916ca7b,1155,"5","5"
137,0x3a6a8f4091b705fe1241c47e2532d45a6dff5a85,721,"1407,1408","1,1",0xa558419686308ce836c36a5c44eeeb4b0916ca7b,1155,"6","10"
138,0x3a6a8f4091b705fe1241c47e2532d45a6dff5a85,721,"1409,1410","1,1",0xa558419686308ce836c36a5c44eeeb4b0916ca7b,1155,"0","5"
139,0x3a6a8f4091b705fe1241c47e2532d45a6dff5a85,721,"1411,1412","1,1",0xa558419686308ce836c36a5c44eeeb4b0916ca7b,1155,"1,2","7,4"
140,0x3a6a8f4091b705fe1241c47e2532d45a6dff5a85,721,"1413","1",0xa558419686308ce836c36a5c44eeeb4b0916ca7b,1155,"7","9"
141,0x3a6a8f4091b705fe1241c47e2532d45a6dff5a85,721,"1414","1",0xa558419686308ce836c36a5c44eeeb4b0916ca7b,1155,"4,5","5,7"
142,0x3a6a8f4091b705fe1241c47e2532d45a6dff5a85,721,"1415,1416","1,1",0xa558419686308ce836c36a5c44eeeb4b0916ca7b,1155,"5,6","10,8"
143,0x3a6a8f4091b705fe1241c47e2532d45a6dff5a85,721,"1417,1418","1,1",0xa558419686308ce836c36a5c44eeeb4b0916ca7b,1155,"0","9"
144,0x3a6a8f4091b705fe1241c47e2532d45a6dff5a85,721,"1419","1",0xa558419686308ce836c36a5c44eeeb4b0916ca7b,1155,"5","7"
145,0x3a6a8f4091b705fe1241c47e2532d45a6dff5a85,721,"1420,1421","1,1",0xa558419686308ce836c36a5c44eeeb4b0916ca7b,1155,"5","5"
146,0x3a6a8f4091b705fe1241c47e2532d45a6dff5a85,721,"1422","1",0xa558419686308ce836c36a5c44eeeb4b0916ca7b,1155,"4,5","3,6"
147,0x3a6a8f4091b705fe1241c47e2532d45a6dff5a85,721,"1423","1",0xa558419686308ce836c36a5c44eeeb4b0916ca7b,1155,"6,7","6,7"
148,0x3a6a8f4091b705fe1241c47e2532d45a6dff5a85,721,"1424","1",0xa558419686308ce836c36a5c44eeeb4b0916ca7b,1155,"7,8","9,10"
149,0x3a6a8f4091b705fe1241c47e2532d45a6dff5a85,721,"1425","1",0xa558419686308ce836c36a5c44eeeb4b0916ca7b,1155,"8","9"
150,0x3a6a8f4091b705fe1241c47e2532d45a6dff5a85,721,"1426,1427","1,1",0xa558419686308ce836c36a5c44eeeb4b0916ca7b,1155,"8,9","3,3"
151,0x3a6a8f4091b705fe1241c47e2532d45a6dff5a85,721,"1428,1429","1,1",0xa558419686308ce836c36a5c44eeeb4b0916ca7b,1155,"3","6"
152,0x3a6a8f4091b705fe1241c47e2532d45a6dff5a85,721,"1430","1",0xa558419686308ce836c36a5c44eeeb4b0916ca7b,1155,"7","5"
153,0x3a6a8f4091b705fe1241c47e2532d45a6dff5a85,721,"1431","1",0xa558419686308ce836c36a5c44eeeb4b0916ca7b,1155,"3","7"
154,0x3a6a8f4091b705fe1241c47e2532d45a6dff5a85,721,"1432","1",0xa558419686308ce836c36a5c44eeeb4b0916ca7b,1155,"8,9","6,6"
155,0x3a6a8f4091b705fe1241c47e2532d45a6dff5a85,721,"1433","1",0xa558419686308ce836c36a5c44eeeb4b0916ca7b,1155,"6","6"
156,0x3a6a8f4091b705fe1241c47e2532d45a6dff5a85,721,"1434","1",0xa558419686308ce836c36a5c44eeeb4b0916ca7b,1155,"7","6"
157,0x3a6a8f4091b705fe1241c47e2532d45a6dff5a85,721,"1435,1436","1,1",0xa558419686308ce836c36a5c44eeeb4b0916ca7b,1155,"8,9","3,7"
158,0x3a6a8f4091b705fe1241c47e2532d45a6dff5a85,721,"1437","1",0xa558419686308ce836c36a5c44eeeb4b0916ca7b,1155,"6","4"
159,0x3a6a8f4091b705fe1241c47e2532d45a6dff5a85,721,"1438,1439","1,1",0xa558419686308ce836c36a5c44eeeb4b0916ca7b,1155,"5,6","10,4"
160,0x3a6a8f4091b705fe1241c47e2532d45a6dff5a85,721,"1440","1",0xa558419686308ce836c36a5c44eeeb4b0916ca7b,1155,"0,1","7,6"
161,0x3a6a8f4091b705fe1241c47e2532d45a6dff5a85,721,"1441","1",0xa558419686308ce836c36a5c44eeeb4b0916ca7b,1155,"6,7","6,7"
162,0x3a6a8f4091b705fe1241c47e2532d45a6dff5a85,721,"1442,1443","1,1",0xa558419686308ce836c36a5c44eeeb4b0916ca7b,1155,"4,5","10,9"
163,0x3a6a8f4091b705fe1241c47e2532d45a6dff5a85,721,"1444,1445","1,1",0xa558419686308ce836c36a5c44eeeb4b0916ca7b,1155,"1","4"
164,0x3a6a8f4091b705fe1241c47e2532d45a6dff5a85,721,"1446","1",0xa558419686308ce836c36a5c44eeeb4b0916ca7b,1155,"0","6"
165,0x3a6a8f4091b705fe1241c47e2532d45a6dff5a85,721,"1447","1",0xa558419686308ce836c36a5c44eeeb4b0916ca7b,1155,"1,2","5,3"
166,0x3a6a8f4091b705fe1241c47e2532d45a6dff5a85,721,"1448,1449","1,1",0xa558419686308ce836c36a5c44eeeb4b0916ca7b,1155,"2","7"
167,0x3a6a8f4091b705fe1241c47e2532d45a6dff5a85,721,"1450","1",0xa558419686308ce836c36a5c44eeeb4b0916ca7b,1155,"5","3"
168,0x3a6a8f4091b705fe1241c47e2532d45a6dff5a85,721,"1451,1452","1,1",0xa558419686308ce836c36a5c44eeeb4b0916ca7b,1155,"0","6"
169,0x3a6a8f4091b705fe1241c47e2532d45a6dff5a85,721,"1453","1",0xa558419686308ce836c36a5c44eeeb4b0916ca7b,1155,"4","4"
170,0x3a6a8f4091b705fe1241c47e2532d45a6dff5a85,721,"1454,1455","1,1",0xa558419686308ce836c36a5c44eeeb4b0916ca7b,1155,"9,10","5,10"
171,0x3a6a8f4091b705fe1241c47e2532d45a6dff5a85,721,"1456","1",0xa558419686308ce836c36a5c44eeeb4b0916ca7b,1155,"6","6"
172,0x3a6a8f4091b705fe1241c47e2532d45a6dff5a85,721,"1457,1458","1,1",0xa558419686308ce836c36a5c44eeeb4b0916ca7b,1155,"2,3","5,4"
173,0x3a6a8f4091b705fe1241c47e2532d45a6dff5a85,721,"1459","1",0xa558419686308ce836c36a5c44eeeb4b0916ca7b,1155,"9,10","8,4"
174,0x3a6a8f4091b705fe1241c47e2532d45a6dff5a85,721,"1460,1461","1,1",0xa558419686308ce836c36a5c44eeeb4b0916ca7b,1155,"9","3"
175,0x3a6a8f4091b705fe1241c47e2532d45a6dff5a85,721,"1462","1",0xa558419686308ce836c36a5c44eeeb4b0916ca7b,1155,"2,3","7,4"
176,0x3a6a8f4091b705fe1241c47e2532d45a6dff5a85,721,"1463","1",0xa558419686308ce836c36a5c44eeeb4b0916ca7b,1155,"3,4","9,9"
177,0x3a6a8f4091b705fe1241c47e2532d45a6dff5a85,721,"1464,1465","1,1",0xa558419686308ce836c36a5c44eeeb4b0916ca7b,1155,"8,9","5,4"
178,0x3a6a8f4091b705fe1241c47e2532d45a6dff5a85,721,"1466","1",0xa558419686308ce836c36a5c44eeeb4b0916ca7b,1155,"0","10"
179,0x3a6a8f4091b705fe1241c47e2532d45a6dff5a85,721,"1467,1468","1,1",0xa558419686308ce836c36a5c44eeeb4b0916ca7b,1155,"3,4","9,8"
180,0x3a6a8f4091b705fe1241c47e2532d45a6dff5a85,721,"1469,1470","1,1",0xa558419686308ce836c36a5c44eeeb4b0916ca7b,1155,"8,9","7,5"
181,0x3a6a8f4091b705fe1241c47e2532d45a6dff5a85,721,"1471,1472","1,1",0xa558419686308ce836c36a5c44eeeb4b0916ca7b,1155,"4,5","8,9"
182,0x3a6a8f4091b705fe1241c47e2532d45a6dff5a85,721,"1473","1",0xa558419686308ce836c36a5c44eeeb4b0916ca7b,1155,"0,1","9,9"
183,0x3a6a8f4091b705fe1241c47e2532d45a6dff5a85,721,"1474,1475","1,1",0xa558419686308ce836c36a5c44eeeb4b0916ca7b,1155,"2,3","3,3"
184,0x3a6a8f4091b705fe1241c47e2532d45a6dff5a85,721,"1476","1",0xa558419686308ce836c36a5c44eeeb4b0916ca7b,1155,"9,10","10,7"
185,0x3a6a8f4091b705fe1241c47e2532d45a6dff5a85,721,"1477,1478","1,1",0xa558419686308ce836c36a5c44eeeb4b0916ca7b,1155,"5","6"
186,0x3a6a8f4091b705fe1241c47e2532d45a6dff5a85,721,"1479","1",0xa558419686308ce836c36a5c44eeeb4b0916ca7b,1155,"5,6","5,8"
187,0x3a6a8f4091b705fe1241c47e2532d45a6dff5a85,721,"1480,1481","1,1",0xa558419686308ce836c36a5c44eeeb4b0916ca7b,1155,"7,8","9,6"
188,0x3a6a8f4091b705fe1241c47e2532d45a6dff5a85,721,"1482","1",0xa558419686308ce836c36a5c44eeeb4b0916ca7b,1155,"0,1","3,10"
189,0x3a6a8f4091b705fe1241c47e2532d45a6dff5a85,721,"1483","1",0xa558419686308ce836c36a5c44eeeb4b0916ca7b,1155,"8","6"
190,0x3a6a8f4091b705fe1241c47e2532d45a6dff5a85,721,"1484","1",0xa558419686308ce836c36a5c44eeeb4b0916ca7b,1155,"7","9"
191,0x3a6a8f4091b705fe1241c47e2532d45a6dff5a85,721,"1485,1486","1,1",0xa558419686308ce836c36a5c44eeeb4b0916ca7b,1155,"3,4","7,8"
192,0x3a6a8f4091b705fe1241c47e2532d45a6dff5a85,721,"1487","1",0xa558419686308ce836c36a5c44eeeb4b0916ca7b,1155,"8,9","6,8"
193,0x3a6a8f4091b705fe1241c47e2532d45a6dff5a85,721,"1488","1",0xa558419686308ce836c36a5c44eeeb4b0916ca7b,1155,"6,7","10,4"
194,0x3a6a8f4091b705fe1241c47e2532d45a6dff5a85,721,"1489","1",0xa558419686308ce836c36a5c44eeeb4b0916ca7b,1155,"5,6","7,8"
195,0x3a6a8f4091b705fe1241c47e2532d45a6dff5a85,721,"1490","1",0xa558419686308ce836c36a5c44eeeb4b0916ca7b,1155,"8","4"
196,0x3a6a8f4091b705fe1241c47e2532d45a6dff5a85,721,"1491,1492","1,1",0xa558419686308ce836c36a5c44eeeb4b0916ca7b,1155,"2,3","3,5"
197,0x3a6a8f4091b705fe1241c47e2532d45a6dff5a85,721,"1493","1",0xa558419686308ce836c36a5c44eeeb4b0916ca7b,1155,"3,4","7,6"
198,0x3a6a8f4091b705fe1241c47e2532d45a6dff5a85,721,"1494","1",0xa558419686308ce836c36a5c44eeeb4b0916ca7b,1155,"4","8"
199,0x3a6a8f4091b705fe1241c47e2532d45a6dff5a85,721,"1495","1",0xa558419686308ce836c36a5c44eeeb4b0916ca7b,1155,"3","6"
200,0x3a6a8f4091b705fe1241c47e2532d45a6dff5a85,721,"1496","1",0xa558419686308ce836c36a5c44eeeb4b0916ca7b,1155,"9,10","5,3"
201,0x3a6a8f4091b705fe1241c47e2532d45a6dff5a85,721,"1497","1",0xa558419686308ce836c36a5c44eeeb4b0916ca7b,1155,"5,6","9,5"
202,0x3a6a8f4091b705fe1241c47e2532d45a6dff5a85,721,"1498","1",0xa558419686308ce836c36a5c44eeeb4b0916ca7b,1155,"3","5"
203,0x3a6a8f4091b705fe1241c47e2532d45a6dff5a85,721,"1499,1500","1,1",0xa558419686308ce836c36a5c44eeeb4b0916ca7b,1155,"5,6","7,8"
204,0x3a6a8f4091b705fe1241c47e2532d45a6dff5a85,721,"1501,1502","1,1",0xa558419686308ce836c36a5c44eeeb4b0916ca7b,1155,"6","7"
205,0x3a6a8f4091b705fe1241c47e2532d45a6dff5a85,721,"1503,1504","1,1",0xa558419686308ce836c36a5c44eeeb4b0916ca7b,1155,"2,3","6,5"
206,0x3a6a8f4091b705fe1241c47e2532d45a6dff5a85,721,"1505,1506","1,1",0xa558419686308ce836c36a5c44eeeb4b0916ca7b,1155,"8,9","6,10"
207,0x3a6a8f4091b705fe1241c47e2532d45a6dff5a85,721,"1507","1",0xa558419686308ce836c36a5c44eeeb4b0916ca7b,1155,"7,8","9,6"
208,0x3a6a8f4091b705fe1241c47e2532d45a6dff5a85,721,"1508","1",0xa558419686308ce836c36a5c44eeeb4b0916ca7b,1155,"9,10","4,7"
209,0x3a6a8f4091b705fe1241c47e2532d45a6dff5a85,721,"1509","1",0xa558419686308ce836c36a5c44eeeb4b0916ca7b,1155,"0","8"
210,0x3a6a8f4091b705fe1241c47e2532d45a6dff5a85,721,"1510,1511","1,1",0xa558419686308ce836c36a5c44eeeb4b0916ca7b,1155,"6","8"
211,0x3a6a8f4091b705fe1241c47e2532d45a6dff5a85,721,"1512,1513","1,1",0xa558419686308ce836c36a5c44eeeb4b0916ca7b,1155,"5,6","3,7"
212,0x3a6a8f4091b705fe1241c47e2532d45a6dff5a85,721,"1514","1",0xa558419686308ce836c36a5c44eeeb4b0916ca7b,1155,"5,6","9,3"
213,0x3a6a8f4091b705fe1241c47e2532d45a6dff5a85,721,"1515,1516","1,1",0xa558419686308ce836c36a5c44eeeb4b0916ca7b,1155,"3","7"
214,0x3a6a8f4091b705fe1241c47e2532d45a6dff5a85,721,"1517,1518","1,1",0xa558419686308ce836c36a5c44eeeb4b0916ca7b,1155,"2,3","8,3"
215,0x3a6a8f4091b705fe1241c47e2532d45a6dff5a85,721,"1519,1520","1,1",0xa558419686308ce836c36a5c44eeeb4b0916ca7b,1155,"5","5"
216,0x3a6a8f4091b705fe1241c47e2532d45a6dff5a85,721,"1521,1522","1,1",0xa558419686308ce836c36a5c44eeeb4b0916ca7b,1155,"5,6","3,6"
217,0x3a6a8f4091b705fe1241c47e2532d45a6dff5a85,721,"1523,1524","1,1",0xa558419686308ce836c36a5c44eeeb4b0916ca7b,1155,"5,6","4,8"
218,0x3a6a8f4091b705fe1241c47e2532d45a6dff5a85,721,"1525,1526","1,1",0xa558419686308ce836c36a5c44eeeb4b0916ca7b,1155,"3","9"
219,0x3a6a8f4091b705fe1241c47e2532d45a6dff5a85,721,"1527,1528","1,1",0xa558419686308ce836c36a5c44eeeb4b0916ca7b,1155,"8","6"
220,0x3a6a8f4091b705fe1241c47e2532d45a6dff5a85,721,"1529","1",0xa558419686308ce836c36a5c44eeeb4b0916ca7b,1155,"1,2","7,9"
221,0x3a6a8f4091b705fe1241c47e2532d45a6dff5a85,721,"1530,1531","1,1",0xa558419686308ce836c36a5c44eeeb4b0916ca7b,1155,"0,1","6,9"
222,0x3a6a8f4091b705fe1241c47e2532d45a6dff5a85,721,"1532,1533","1,1",0xa558419686308ce836c36a5c44eeeb4b0916ca7b,1155,"4","10"
223,0x3a6a8f4091b705fe1241c47e2532d45a6dff5a85,721,"1534","1",0xa558419686308ce836c36a5c44eeeb4b0916ca7b,1155,"8,9","5,4"
224,0x3a6a8f4091b705fe1241c47e2532d45a6dff5a85,721,"1535,1536","1,1",0xa558419686308ce836c36a5c44eeeb4b0916ca7b,1155,"6,7","4,3"
225,0x3a6a8f4091b705fe1241c47e2532d45a6dff5a85,721,"1537,1538","1,1",0xa558419686308ce836c36a5c44eeeb4b0916ca7b,1155,"1,2","8,3"
226,0x3a6a8f4091b705fe1241c47e2532d45a6dff5a85,721,"1539","1",0xa558419686308ce836c36a5c44eeeb4b0916ca7b,1155,"9,10","5,6"
227,0x3a6a8f4091b705fe1241c47e2532d45a6dff5a85,721,"1540,1541","1,1",0xa558419686308ce836c36a5c44eeeb4b0916ca7b,1155,"5","5"
228,0x3a6a8f4091b705fe1241c47e2532d45a6dff5a85,721,"1542","1",0xa558419686308ce836c36a5c44eeeb4b0916ca7b,1155,"7","7"
229,0x3a6a8f4091b705fe1241c47e2532d45a6dff5a85,721,"1543","1",0xa558419686308ce836c36a5c44eeeb4b0916ca7b,1155,"5,6","6,6"
230,0x3a6a8f4091b705fe1241c47e2532d45a6dff5a85,721,"1544,1545","1,1",0xa558419686308ce836c36a5c44eeeb4b0916ca7b,1155,"1,2","10,5"
231,0x3a6a8f4091b705fe1241c47e2532d45a6dff5a85,721,"1546","1",0xa558419686308ce836c36a5c44eeeb4b0916ca7b,1155,"7,8","8,8"
232,0x3a6a8f4091b705fe1241c47e2532d45a6dff5a85,721,"1547","1",0xa558419686308ce836c36a5c44eeeb4b0916ca7b,1155,"5","8"
233,0x3a6a8f4091b705fe1241c47e2532d45a6dff5a85,721,"1548,1549","1,1",0xa558419686308ce836c36a5c44eeeb4b0916ca7b,1155,"1","7"
234,0x3a6a8f4091b705fe1241c47e2532d45a6dff5a85,721,"1550,1551","1,1",0xa558419686308ce836c36a5c44eeeb4b0916ca7b,1155,"7","5"
235,0x3a6a8f4091b705fe1241c47e2532d45a6dff5a85,721,"1552","1",0xa558419686308ce836c36a5c44eeeb4b0916ca7b,1155,"3","5"
236,0x3a6a8f4091b705fe1241c47e2532d45a6dff5a85,721,"1553,1554","1,1",0xa558419686308ce836c36a5c44eeeb4b0916ca7b,1155,"3,4","5,6"
237,0x3a6a8f4091b705fe1241c47e2532d45a6dff5a85,721,"1555","1",0xa558419686308ce836c36a5c44eeeb4b0916ca7b,1155,"9","4"
238,0x3a6a8f4091b705fe1241c47e2532d45a6dff5a85,721,"1556,1557","1,1",0xa558419686308ce836c36a5c44eeeb4b0916ca7b,1155,"1,2","9,6"
239,0x3a6a8f4091b705fe1241c47e2532d45a6dff5a85,721,"1558,1559","1,1",0xa558419686308ce836c36a5c44eeeb4b0916ca7b,1155,"6,7","7,5"
240,0x3a6a8f4091b705fe1241c47e2532d45a6dff5a85,721,"1560,1561","1,1",0xa558419686308ce836c36a5c44eeeb4b0916ca7b,1155,"9","4"
241,0x3a6a8f4091b705fe1241c47e2532d45a6dff5a85,721,"1562,1563","1,1",0xa558419686308ce836c36a5c44eeeb4b0916ca7b,1155,"2","10"
242,0x3a6a8f4091b705fe1241c47e2532d45a6dff5a85,721,"1564,1565","1,1",0xa558419686308ce836c36a5c44eeeb4b0916ca7b,1155,"6","10"
243,0x3a6a8f4091b705fe1241c47e2532d45a6dff5a85,721,"1566","1",0xa558419686308ce836c36a5c44eeeb4b0916ca7b,1155,"3,4","3,5"
244,0x3a6a8f4091b705fe1241c47e2532d45a6dff5a85,721,"1567","1",0xa558419686308ce836c36a5c44eeeb4b0916ca7b,1155,"7,8","9,10"
245,0x3a6a8f4091b705fe1241c47e2532d45a6dff5a85,721,"1568,1569","1,1",0xa558419686308ce836c36a5c44eeeb4b0916ca7b,1155,"3,4","10,10"
246,0x3a6a8f4091b705fe1241c47e2532d45a6dff5a85,721,"1570","1",0xa558419686308ce836c36a5c44eeeb4b0916ca7b,1155,"6","9"
247,0x3a6a8f4091b705fe1241c47e2532d45a6dff5a85,721,"1571,1572","1,1",0xa558419686308ce836c36a5c44eeeb4b0916ca7b,1155,"7","10"
248,0x3a6a8f4091b705fe1241c47e2532d45a6dff5a85,721,"1573","1",0xa558419686308ce836c36a5c44eeeb4b0916ca7b,1155,"7,8","5,10"
249,0x3a6a8f4091b705fe1241c47e2532d45a6dff5a85,721,"1574,1575","1,1",0xa558419686308ce836c36a5c44eeeb4b0916ca7b,1155,"3,4","10,3"
250,0x3a6a8f4091b705fe1241c47e2532d45a6dff5a85,721,"1576,1577","1,1",0xa558419686308ce836c36a5c44eeeb4b0916ca7b,1155,"9","7"
251,0x3a6a8f4091b705fe1241c47e2532d45a6dff5a85,721,"1578","1",0xa558419686308ce836c36a5c44eeeb4b0916ca7b,1155,"3,4","3,4"
252,0x3a6a8f4091b705fe1241c47e2532d45a6dff5a85,721,"1579,1580","1,1",0xa558419686308ce836c36a5c44eeeb4b0916ca7b,1155,"2","6"
253,0x3a6a8f4091b705fe1241c47e2532d45a6dff5a85,721,"1581,1582","1,1",0xa558419686308ce836c36a5c44eeeb4b0916ca7b,1155,"9","8"
254,0x3a6a8f4091b705fe1241c47e2532d45a6dff5a85,721,"1583,1584","1,1",0xa558419686308ce836c36a5c44eeeb4b0916ca7b,1155,"8","5"
255,0x3a6a8f4091b705fe1241c47e2532d45a6dff5a85,721,"1585,1586","1,1",0xa558419686308ce836c36a5c44eeeb4b0916ca7b,1155,"2,3","8,8"
256,0x3a6a8f4091b705fe1241c47e2532d45a6dff5a85,721,"1587,1588","1,1",0xa558419686308ce836c36a5c44eeeb4b0916ca7b,1155,"7,8","10,3"
257,0x3a6a8f4091b705fe1241c47e2532d45a6dff5a85,721,"1589","1",0xa558419686308ce836c36a5c44eeeb4b0916ca7b,1155,"7,8","8,7"
258,0x3a6a8f4091b705fe1241c47e2532d45a6dff5a85,721,"1590","1",0xa558419686308ce836c36a5c44eeeb4b0916ca7b,1155,"5,6","6,4"
259,0x3a6a8f4091b705fe1241c47e2532d45a6dff5a85,721,"1591","1",0xa558419686308ce836c36a5c44eeeb4b0916ca7b,1155,"8,9","10,6"
260,0x3a6a8f4091b705fe1241c47e2532d45a6dff5a85,721,"1592,1593","1,1",0xa558419686308ce836c36a5c44eeeb4b0916ca7b,1155,"8,9","9,8"
261,0x3a6a8f4091b705fe1241c47e2532d45a6dff5a85,721,"1594","1",0xa558419686308ce836c36a5c44eeeb4b0916ca7b,1155,"2,3","6,5"
262,0x3a6a8f4091b705fe1241c47e2532d45a6dff5a85,721,"1595","1",0xa558419686308ce836c36a5c44eeeb4b0916ca7b,1155,"2","5"
263,0x3a6a8f4091b705fe1241c47e2532d45a6dff5a85,721,"1596,1597","1,1",0xa558419686308ce836c36a5c44eeeb4b0916ca7b,1155,"0,1","10,3"
264,0x3a6a8f4091b705fe1241c47e2532d45a6dff5a85,721,"1598","1",0xa558419686308ce836c36a5c44eeeb4b0916ca7b,1155,"7,8","8,10"
265,0x3a6a8f4091b705fe1241c47e2532d45a6dff5a85,721,"1599,1600","1,1",0xa558419686308ce836c36a5c44eeeb4b0916ca7b,1155,"3,4","7,4"
266,0x3a6a8f4091b705fe1241c47e2532d45a6dff5a85,721,"1601,1602","1,1",0xa558419686308ce836c36a5c44eeeb4b0916ca7b,1155,"4,5","6,3"
267,0x3a6a8f4091b705fe1241c47e2532d45a6dff5a85,721,"1603","1",0xa558419686308ce836c36a5c44eeeb4b0916ca7b,1155,"9","6"
268,0x3a6a8f4091b705fe1241c47e2532d45a6dff5a85,721,"1604,1605","1,1",0xa558419686308ce836c36a5c44eeeb4b0916ca7b,1155,"9,10","7,9"
269,0x3a6a8f4091b705fe1241c47e2532d45a6dff5a85,721,"1606,1607","1,1",0xa558419686308ce836c36a5c44eeeb4b0916ca7b,1155,"0,1","3,5"
270,0x3a6a8f4091b705fe1241c47e2532d45a6dff5a85,721,"1608,1609","1,1",0xa558419686308ce836c36a5c44eeeb4b0916ca7b,1155,"4,5","5,5"
271,0x3a6a8f4091b705fe1241c47e2532d45a6dff5a85,721,"1610","1",0xa558419686308ce836c36a5c44eeeb4b0916ca7b,1155,"9,10","7,8"
272,0x3a6a8f4091b705fe1241c47e2532d45a6dff5a85,721,"1611,1612","1,1",0xa558419686308ce836c36a5c44eeeb4b0916ca7b,1155,"6,7","7,10"
273,0x3a6a8f4091b705fe1241c47e2532d45a6dff5a85,721,"1613","1",0xa558419686308ce836c36a5c44eeeb4b0916ca7b,1155,"3,4","9,3"
274,0x3a6a8f4091b705fe1241c47e2532d45a6dff5a85,721,"1614","1",0xa558419686308ce836c36a5c44eeeb4b0916ca7b,1155,"4","3"
275,0x3a6a8f4091b705fe1241c47e2532d45a6dff5a85,721,"1615","1",0xa558419686308ce836c36a5c44eeeb4b0916ca7b,1155,"6","5"
276,0x3a6a8f4091b705fe1241c47e2532d45a6dff5a85,721,"1616,1617","1,1",0xa558419686308ce836c36a5c44eeeb4b0916ca7b,1155,"4,5","8,7"
277,0x3a6a8f4091b705fe1241c47e2532d45a6dff5a85,721,"1618,1619","1,1",0xa558419686308ce836c36a5c44eeeb4b0916ca7b,1155,"7,8","8,4"
278,0x3a6a8f4091b705fe1241c47e2532d45a6dff5a85,721,"1620,1621","1,1",0xa558419686308ce836c36a5c44eeeb4b0916ca7b,1155,"6,7","3,7"
279,0x3a6a8f4091b705fe1241c47e2532d45a6dff5a85,721,"1622,1623","1,1",0xa558419686308ce836c36a5c44eeeb4b0916ca7b,1155,"2","4"
280,0x3a6a8f4091b705fe1241c47e2532d45a6dff5a85,721,"1624,1625","1,1",0xa558419686308ce836c36a5c44eeeb4b0916ca7b,1155,"7","9"
281,0x3a6a8f4091b705fe1241c47e2532d45a6dff5a85,721,"1626","1",0xa558419686308ce836c36a5c44eeeb4b0916ca7b,1155,"0,1","9,7"
282,0x3a6a8f4091b705fe1241c47e2532d45a6dff5a85,721,"1627,1628","1,1",0xa558419686308ce836c36a5c44eeeb4b0916ca7b,1155,"4","4"
283,0x3a6a8f4091b705fe1241c47e2532d45a6dff5a85,721,"1629","1",0xa558419686308ce836c36a5c44eeeb4b0916ca7b,1155,"5","3"
284,0x3a6a8f4091b705fe1241c47e2532d45a6dff5a85,721,"1630","1",0xa558419686308ce836c36a5c44eeeb4b0916ca7b,1155,"7","10"
285,0x3a6a8f4091b705fe1241c47e2532d45a6dff5a85,721,"1631,1632","1,1",0xa558419686308ce836c36a5c44eeeb4b0916ca7b,1155,"7,8","9,4"
286,0x3a6a8f4091b705fe1241c47e2532d45a6dff5a85,721,"1633","1",0xa558419686308ce836c36a5c44eeeb4b0916ca7b,1155,"9,10","5,6"
287,0x3a6a8f4091b705fe1241c47e2532d45a6dff5a85,721,"1634","1",0xa558419686308ce836c36a5c44eeeb4b0916ca7b,1155,"2,3","5,8"
288,0x3a6a8f4091b705fe1241c47e2532d45a6dff5a85,721,"1635","1",0xa558419686308ce836c36a5c44eeeb4b0916ca7b,1155,"6","7"
289,0x3a6a8f4091b705fe1241c47e2532d45a6dff5a85,721,"1636,1637","1,1",0xa558419686308ce836c36a5c44eeeb4b0916ca7b,1155,"0","7"
290,0x3a6a8f4091b705fe1241c47e2532d45a6dff5a85,721,"1638","1",0xa558419686308ce836c36a5c44eeeb4b0916ca7b,1155,"8","4"
291,0x3a6a8f4091b705fe1241c47e2532d45a6dff5a85,721,"1639,1640","1,1",0xa558419686308ce836c36a5c44eeeb4b0916ca7b,1155,"1,2","7,8"
292,0x3a6a8f4091b705fe1241c47e2532d45a6dff5a85,721,"1641","1",0xa558419686308ce836c36a5c44eeeb4b0916ca7b,1155,"0,1","10,7"
293,0x3a6a8f4091b705fe1241c47e2532d45a6dff5a85,721,"1642","1",0xa558419686308ce836c36a5c44eeeb4b0916ca7b,1155,"0","8"
294,0x3a6a8f4091b705fe1241c47e2532d45a6dff5a85,721,"1643","1",0xa558419686308ce836c36a5c44eeeb4b0916ca7b,1155,"8","4"
295,0x3a6a8f4091b705fe1241c47e2532d45a6dff5a85,721,"1644","1",0xa558419686308ce836c36a5c44eeeb4b0916ca7b,1155,"2","3"
296,0x3a6a8f4091b705fe1241c47e2532d45a6dff5a85,721,"1645,1646","1,1",0xa558419686308ce836c36a5c44eeeb4b0916ca7b,1155,"9","7"
297,0x3a6a8f4091b705fe1241c47e2532d45a6dff5a85,721,"1647","1",0xa558419686308ce836c36a5c44eeeb4b0916ca7b,1155,"0","7"
298,0x3a6a8f4091b705fe1241c47e2532d45a6dff5a85,721,"1648,1649","1,1",0xa558419686308ce836c36a5c44eeeb4b0916ca7b,1155,"7","8"
299,0x3a6a8f4091b705fe1241c47e2532d45a6dff5a85,721,"1650,1651","1,1",0xa558419686308ce836c36a5c44eeeb4b0916ca7b,1155,"7","6"
300,0x3a6a8f4091b705fe1241c47e2532d45a6dff5a85,721,"1652","1",0xa558419686308ce836c36a5c44eeeb4b0916ca7b,1155,"7","5"
301,0x3a6a8f4091b705fe1241c47e2532d45a6dff5a85,721,"1653,1654","1,1",0xa558419686308ce836c36a5c44eeeb4b0916ca7b,1155,"1","6"
302,0x3a6a8f4091b705fe1241c47e2532d45a6dff5a85,721,"1655,1656","1,1",0xa558419686308ce836c36a5c44eeeb4b0916ca7b,1155,"3","7"
303,0x3a6a8f4091b705fe1241c47e2532d45a6dff5a85,721,"1657,1658","1,1",0xa558419686308ce836c36a5c44eeeb4b0916ca7b,1155,"3,4","9,10"
304,0x3a6a8f4091b705fe1241c47e2532d45a6dff5a85,721,"1659","1",0xa558419686308ce836c36a5c44eeeb4b0916ca7b,1155,"1","9"
305,0x3a6a8f4091b705fe1241c47e2532d45a6dff5a85,721,"1660","1",0xa558419686308ce836c36a5c44eeeb4b0916ca7b,1155,"0","3"
306,0x3a6a8f4091b705fe1241c47e2532d45a6dff5a85,721,"1661","1",0xa558419686308ce836c36a5c44eeeb4b0916ca7b,1155,"9","6"
307,0x3a6a8f4091b705fe1241c47e2532d45a6dff5a85,721,"1662,1663","1,1",0xa558419686308ce836c36a5c44eeeb4b0916ca7b,1155,"7","9"
308,0x3a6a8f4091b705fe1241c47e2532d45a6dff5a85,721,"1664","1",0xa558419686308ce836c36a5c44eeeb4b0916ca7b,1155,"2","7"
309,0x3a6a8f4091b705fe1241c47e2532d45a6dff5a85,721,"1665","1",0xa558419686308ce836c36a5c44eeeb4b0916ca7b,1155,"3,4","5,4"
310,0x3a6a8f4091b705fe1241c47e2532d45a6dff5a85,721,"1666","1",0xa558419686308ce836c36a5c44eeeb4b0916ca7b,1155,"6","7"
311,0x3a6a8f4091b705fe1241c47e2532d45a6dff5a85,721,"1667","1",0xa558419686308ce836c36a5c44eeeb4b0916ca7b,1155,"3","7"
312,0x3a6a8f4091b705fe1241c47e2532d45a6dff5a85,721,"1668","1",0xa558419686308ce836c36a5c44eeeb4b0916ca7b,1155,"7,8","7,10"
313,0x3a6a8f4091b705fe1241c47e2532d45a6dff5a85,721,"1669,1670","1,1",0xa558419686308ce836c36a5c44eeeb4b0916ca7b,1155,"3,4","6,6"
314,0x3a6a8f4091b705fe1241c47e2532d45a6dff5a85,721,"1671,1672","1,1",0xa558419686308ce836c36a5c44eeeb4b0916ca7b,1155,"4","4"
315,0x3a6a8f4091b705fe1241c47e2532d45a6dff5a85,721,"1673","1",0xa558419686308ce836c36a5c44eeeb4b0916ca7b,1155,"0","5"
316,0x3a6a8f4091b705fe1241c47e2532d45a6dff5a85,721,"1674,1675","1,1",0xa558419686308ce836c36a5c44eeeb4b0916ca7b,1155,"5","8"
317,0x3a6a8f4091b705fe1241c47e2532d45a6dff5a85,721,"1676,1677","1,1",0xa558419686308ce836c36a5c44eeeb4b0916ca7b,1155,"0,1","10,5"
318,0x3a6a8f4091b705fe1241c47e2532d45a6dff5a85,721,"1678,1679","1,1",0xa558419686308ce836c36a5c44eeeb4b0916ca7b,1155,"5","4"
319,0x3a6a8f4091b705fe1241c47e2532d45a6dff5a85,721,"1680,1681","1,1",0xa558419686308ce836c36a5c44eeeb4b0916ca7b,1155,"4,5","5,9"
320,0x3a6a8f4091b705fe1241c47e2532d45a6dff5a85,721,"1682","1",0xa558419686308ce836c36a5c44eeeb4b0916ca7b,1155,"4","10"
321,0x3a6a8f4091b705fe1241c47e2532d45a6dff5a85,721,"1683,1684","1,1",0xa558419686308ce836c36a5c44eeeb4b0916ca7b,1155,"4","3"
322,0x3a6a8f4091b705fe1241c47e2532d45a6dff5a85,721,"1685","1",0xa558419686308ce836c36a5c44eeeb4b0916ca7b,1155,"4,5","6,3"
323,0x3a6a8f4091b705fe1241c47e2532d45a6dff5a85,721,"1686,1687","1,1",0xa558419686308ce836c36a5c44eeeb4b0916ca7b,1155,"0","6"
324,0x3a6a8f4091b705fe1241c47e2532d45a6dff5a85,721,"1688,1689","1,1",0xa558419686308ce836c36a5c44eeeb4b0916ca7b,1155,"1","9"
325,0x3a6a8f4091b705fe1241c47e2532d45a6dff5a85,721,"1690","1",0xa558419686308ce836c36a5c44eeeb4b0916ca7b,1155,"0","10"
326,0x3a6a8f4091b705fe1241c47e2532d45a6dff5a85,721,"1691","1",0xa558419686308ce836c36a5c44eeeb4b0916ca7b,1155,"4","6"
327,0x3a6a8f4091b705fe1241c47e2532d45a6dff5a85,721,"1692,1693","1,1",0xa558419686308ce836c36a5c44eeeb4b0916ca7b,1155,"6","3"
328,0x3a6a8f4091b705fe1241c47e2532d45a6dff5a85,721,"1694","1",0xa558419686308ce836c36a5c44eeeb4b0916ca7b,1155,"6,7","4,10"
329,0x3a6a8f4091b705fe1241c47e2532d45a6dff5a85,721,"1695,1696","1,1",0xa558419686308ce836c36a5c44eeeb4b0916ca7b,1155,"1,2","5,5"
330,0x3a6a8f4091b705fe1241c47e2532d45a6dff5a85,721,"1697,1698","1,1",0xa558419686308ce836c36a5c44eeeb4b0916ca7b,1155,"3,4","10,4"
331,0x3a6a8f4091b705fe1241c47e2532d45a6dff5a85,721,"1699,1700","1,1",0xa558419686308ce836c36a5c44eeeb4b0916ca7b,1155,"8,9","10,8"
332,0x3a6a8f4091b705fe1241c47e2532d45a6dff5a85,721,"1701,1702","1,1",0xa558419686308ce836c36a5c44eeeb4b0916ca7b,1155,"7","3"
333,0x3a6a8f4091b705fe1241c47e2532d45a6dff5a85,721,"1703,1704","1,1",0xa558419686308ce836c36a5c44eeeb4b0916ca7b,1155,"6","4"
334,0x3a6a8f4091b705fe1241c47e2532d45a6dff5a85,721,"1705,1706","1,1",0xa558419686308ce836c36a5c44eeeb4b0916ca7b,1155,"9,10","5,9"
335,0x3a6a8f4091b705fe1241c47e2532d45a6dff5a85,721,"1707,1708","1,1",0xa558419686308ce836c36a5c44eeeb4b0916ca7b,1155,"5","6"
336,0x3a6a8f4091b705fe1241c47e2532d45a6dff5a85,721,"1709","1",0xa558419686308ce836c36a5c44eeeb4b0916ca7b,1155,"8,9","5,7"
337,0x3a6a8f4091b705fe1241c47e2532d45a6dff5a85,721,"1710,1711","1,1",0xa558419686308ce836c36a5c44eeeb4b0916ca7b,1155,"5","10"
338,0x3a6a8f4091b705fe1241c47e2532d45a6dff5a85,721,"1712,1713","1,1",0xa558419686308ce836c36a5c44eeeb4b0916ca7b,1155,"0,1","7,8"
339,0x3a6a8f4091b705fe1241c47e2532d45a6dff5a85,721,"1714","1",0xa558419686308ce836c36a5c44eeeb4b0916ca7b,1155,"4","9"
340,0x3a6a8f4091b705fe1241c47e2532d45a6dff5a85,721,"1715,1716","1,1",0xa558419686308ce836c36a5c44eeeb4b0916ca7b,1155,"7,8","6,5"
341,0x3a6a8f4091b705fe1241c47e2532d45a6dff5a85,721,"1717","1",0xa558419686308ce836c36a5c44eeeb4b0916ca7b,1155,"8,9","4,6"
342,0x3a6a8f4091b705fe1241c47e2532d45a6dff5a85,721,"1718","1",0xa558419686308ce836c36a5c44eeeb4b0916ca7b,1155,"6","5"
343,0x3a6a8f4091b705fe1241c47e2532d45a6dff5a85,721,"1719,1720","1,1",0xa558419686308ce836c36a5c44eeeb4b0916ca7b,1155,"7,8","9,7"
344,0x3a6a8f4091b705fe1241c47e2532d45a6dff5a85,721,"1721,1722","1,1",0xa558419686308ce836c36a5c44eeeb4b0916ca7b,1155,"9","5"
345,0x3a6a8f4091b705fe1241c47e2532d45a6dff5a85,721,"1723","1",0xa558419686308ce836c36a5c44eeeb4b0916ca7b,1155,"0","6"
346,0x3a6a8f4091b705fe1241c47e2532d45a6dff5a85,721,"1724","1",0xa558419686308ce836c36a5c44eeeb4b0916ca7b,1155,"2","4"
347,0x3a6a8f4091b705fe1241c47e2532d45a6dff5a85,721,"1725","1",0xa558419686308ce836c36a5c44eeeb4b0916ca7b,1155,"0","8"
348,0x3a6a8f4091b705fe1241c47e2532d45a6dff5a85,721,"1726","1",0xa558419686308ce836c36a5c44eeeb4b0916ca7b,1155,"2","4"
349,0x3a6a8f4091b705fe1241c47e2532d45a6dff5a85,721,"1727","1",0xa558419686308ce836c36a5c44eeeb4b0916ca7b,1155,"6","9"
350,0x3a6a8f4091b705fe1241c47e2532d45a6dff5a85,721,"1728,1729","1,1",0xa558419686308ce836c36a5c44eeeb4b0916ca7b,1155,"4,5","5,10"
351,0x3a6a8f4091b705fe1241c47e2532d45a6dff5a85,721,"1730","1",0xa558419686308ce836c36a5c44eeeb4b0916ca7b,1155,"3,4","3,10"
352,0x3a6a8f4091b705fe1241c47e2532d45a6dff5a85,721,"1731","1",0xa558419686308ce836c36a5c44eeeb4b0916ca7b,1155,"0","3"
353,0x3a6a8f4091b705fe1241c47e2532d45a6dff5a85,721,"1732,1733","1,1",0xa558419686308ce836c36a5c44eeeb4b0916ca7b,1155,"3","4"
354,0x3a6a8f4091b705fe1241c47e2532d45a6dff5a85,721,"1734,1735","1,1",0xa558419686308ce836c36a5c44eeeb4b0916ca7b,1155,"2","6"
355,0x3a6a8f4091b705fe1241c47e2532d45a6dff5a85,721,"1736,1737","1,1",0xa558419686308ce836c36a5c44eeeb4b0916ca7b,1155,"2","3"
356,0x3a6a8f4091b705fe1241c47e2532d45a6dff5a85,721,"1738","1",0xa558419686308ce836c36a5c44eeeb4b0916ca7b,1155,"9,10","5,7"
357,0x3a6a8f4091b705fe1241c47e2532d45a6dff5a85,721,"1739,1740","1,1",0xa558419686308ce836c36a5c44eeeb4b0916ca7b,1155,"5,6","8,7"
358,0x3a6a8f4091b705fe1241c47e2532d45a6dff5a85,721,"1741","1",0xa558419686308ce836c36a5c44eeeb4b0916ca7b,1155,"7","9"
359,0x3a6a8f4091b705fe1241c47e2532d45a6dff5a85,721,"1742,1743","1,1",0xa558419686308ce836c36a5c44eeeb4b0916ca7b,1155,"3","5"
360,0x3a6a8f4091b705fe1241c47e2532d45a6dff5a85,721,"1744,1745","1,1",0xa558419686308ce836c36a5c44eeeb4b0916ca7b,1155,"2","6"
361,0x3a6a8f4091b705fe1241c47e2532d45a6dff5a85,721,"1746,1747","1,1",0xa558419686308ce836c36a5c44eeeb4b0916ca7b,1155,"3","4"
362,0x3a6a8f4091b705fe1241c47e2532d45a6dff5a85,721,"1748","1",0xa558419686308ce836c36a5c44eeeb4b0916ca7b,1155,"7,8","4,8"
363,0x3a6a8f4091b705fe1241c47e2532d45a6dff5a85,721,"1749","1",0xa558419686308ce836c36a5c44eeeb4b0916ca7b,1155,"0","6"
364,0x3a6a8f4091b705fe1241c47e2532d45a6dff5a85,721,"1750,1751","1,1",0xa558419686308ce836c36a5c44eeeb4b0916ca7b,1155,"6,7","3,3"
365,0x3a6a8f4091b705fe1241c47e2532d45a6dff5a85,721,"1752,1753","1,1",0xa558419686308ce836c36a5c44eeeb4b0916ca7b,1155,"9,10","7,7"
366,0x3a6a8f4091b705fe1241c47e2532d45a6dff5a85,721,"1754","1",0xa558419686308ce836c36a5c44eeeb4b0916ca7b,1155,"5,6","5,9"
367,0x3a6a8f4091b705fe1241c47e2532d45a6dff5a85,721,"1755","1",0xa558419686308ce836c36a5c44eeeb4b0916ca7b,1155,"3,4","8,4"
368,0x3a6a8f4091b705fe1241c47e2532d45a6dff5a85,721,"1756","1",0xa558419686308ce836c36a5c44eeeb4b0916ca7b,1155,"9,10","8,5"
369,0x3a6a8f4091b705fe1241c47e2532d45a6dff5a85,721,"1757","1",0xa558419686308ce836c36a5c44eeeb4b0916ca7b,1155,"7,8","6,7"
370,0x3a6a8f4091b705fe1241c47e2532d45a6dff5a85,721,"1758,1759","1,1",0xa558419686308ce836c36a5c44eeeb4b0916ca7b,1155,"6,7","5,8"
371,0x3a6a8f4091b705fe1241c47e2532d45a6dff5a85,721,"1760,1761","1,1",0xa558419686308ce836c36a5c44eeeb4b0916ca7b,1155,"4","10"
372,0x3a6a8f4091b705fe1241c47e2532d45a6dff5a85,721,"1762","1",0xa558419686308ce836c36a5c44eeeb4b0916ca7b,1155,"0","8"
373,0x3a6a8f4091b705fe1241c47e2532d45a6dff5a85,721,"1763","1",0xa558419686308ce836c36a5c44eeeb4b0916ca7b,1155,"9,10","4,5"
374,0x3a6a8f4091b705fe1241c47e2532d45a6dff5a85,721,"1764","1",0xa558419686308ce836c36a5c44eeeb4b0916ca7b,1155,"8","8"
375,0x3a6a8f4091b705fe1241c47e2532d45a6dff5a85,721,"1765","1",0xa558419686308ce836c36a5c44eeeb4b0916ca7b,1155,"4,5","3,10"
376,0x3a6a8f4091b705fe1241c47e2532d45a6dff5a85,721,"1766","1",0xa558419686308ce836c36a5c44eeeb4b0916ca7b,1155,"6,7","5,3"
377,0x3a6a8f4091b705fe1241c47e2532d45a6dff5a85,721,"1767,1768","1,1",0xa558419686308ce836c36a5c44eeeb4b0916ca7b,1155,"6,7","3,10"
378,0x3a6a8f4091b705fe1241c47e2532d45a6dff5a85,721,"1769,1770","1,1",0xa558419686308ce836c36a5c44eeeb4b0916ca7b,1155,"2,3","8,3"
379,0x3a6a8f4091b705fe1241c47e2532d45a6dff5a85,721,"1771,1772","1,1",0xa558419686308ce836c36a5c44eeeb4b0916ca7b,1155,"4,5","5,10"
380,0x3a6a8f4091b705fe1241c47e2532d45a6dff5a85,721,"1773","1",0xa558419686308ce836c36a5c44eeeb4b0916ca7b,1155,"2,3","5,4"
381,0x3a6a8f4091b705fe1241c47e2532d45a6dff5a85,721,"1774,1775","1,1",0xa558419686308ce836c36a5c44eeeb4b0916ca7b,1155,"9,10","9,7"
382,0x3a6a8f4091b705fe1241c47e2532d45a6dff5a85,721,"1776,1777","1,1",0xa558419686308ce836c36a5c44eeeb4b0916ca7b,1155,"8,9","4,9"
383,0x3a6a8f4091b705fe1241c47e2532d45a6dff5a85,721,"1778,1779","1,1",0xa558419686308ce836c36a5c44eeeb4b0916ca7b,1155,"6","5"
384,0x3a6a8f4091b705fe1241c47e2532d45a6dff5a85,721,"1780,1781","1,1",0xa558419686308ce836c36a5c44eeeb4b0916ca7b,1155,"3,4","4,10"
385,0x3a6a8f4091b705fe1241c47e2532d45a6dff5a85,721,"1782","1",0xa558419686308ce836c36a5c44eeeb4b0916ca7b,1155,"4","6"
386,0x3a6a8f4091b705fe1241c47e2532d45a6dff5a85,721,"1783,1784","1,1",0xa558419686308ce836c36a5c44eeeb4b0916ca7b,1155,"6,7","4,7"
387,0x3a6a8f4091b705fe1241c47e2532d45a6dff5a85,721,"1785","1",0xa558419686308ce836c36a5c44eeeb4b0916ca7b,1155,"2,3","10,3"
388,0x3a6a8f4091b705fe1241c47e2532d45a6dff5a85,721,"1786","1",0xa558419686308ce836c36a5c44eeeb4b0916ca7b,1155,"0","8"
389,0x3a6a8f4091b705fe1241c47e2532d45a6dff5a85,721,"1787","1",0xa558419686308ce836c36a5c44eeeb4b0916ca7b,1155,"8","8"
390,0x3a6a8f4091b705fe1241c47e2532d45a6dff5a85,721,"1788","1",0xa558419686308ce836c36a5c44eeeb4b0916ca7b,1155,"5","9"
391,0x3a6a8f4091b705fe1241c47e2532d45a6dff5a85,721,"1789,1790","1,1",0xa558419686308ce836c36a5c44eeeb4b0916ca7b,1155,"5","8"
392,0x3a6a8f4091b705fe1241c47e2532d45a6dff5a85,721,"1791","1",0xa558419686308ce836c36a5c44eeeb4b0916ca7b,1155,"5,6","6,7"
393,0x3a6a8f4091b705fe1241c47e2532d45a6dff5a85,721,"1792","1",0xa558419686308ce836c36a5c44eeeb4b0916ca7b,1155,"6,7","3,7"
394,0x3a6a8f4091b705fe1241c47e2532d45a6dff5a85,721,"1793","1",0xa558419686308ce836c36a5c44eeeb4b0916ca7b,1155,"1,2","4,9"
395,0x3a6a8f4091b705fe1241c47e2532d45a6dff5a85,721,"1794","1",0xa558419686308ce836c36a5c44eeeb4b0916ca7b,1155,"6,7","9,7"
396,0x3a6a8f4091b705fe1241c47e2532d45a6dff5a85,721,"1795","1",0xa558419686308ce836c36a5c44eeeb4b0916ca7b,1155,"6,7","5,3"
397,0x3a6a8f4091b705fe1241c47e2532d45a6dff5a85,721,"1796,1797","1,1",0xa558419686308ce836c36a5c44eeeb4b0916ca7b,1155,"5,6","10,6"
398,0x3a6a8f4091b705fe1241c47e2532d45a6dff5a85,721,"1798,1799","1,1",0xa558419686308ce836c36a5c44eeeb4b0916ca7b,1155,"4,5","3,10"
399,0x3a6a8f4091b705fe1241c47e2532d45a6dff5a85,721,"1800","1",0xa558419686308ce836c36a5c44eeeb4b0916ca7b,1155,"6","10"
400,0x3a6a8f4091b705fe1241c47e2532d45a6dff5a85,721,"1801,1802","1,1",0xa558419686308ce836c36a5c44eeeb4b0916ca7b,1155,"2","4"
