Pack ID,Item 1 Token Addr,Item 1 Token IDs,Item 1 Amounts
1,0x36631c1e690714192614364ae9629850b546d194,"7,12","1,8"
2,0x36631c1e690714192614364ae9629850b546d194,"6,0","1,6"
3,0x36631c1e690714192614364ae9629850b546d194,"6,10","1,8"
4,0x36631c1e690714192614364ae9629850b546d194,"6,9","1,5"
5,0x36631c1e690714192614364ae9629850b546d194,"3,11","1,10"
6,0x36631c1e690714192614364ae9629850b546d194,"6,11","1,7"
7,0x36631c1e690714192614364ae9629850b546d194,"4,12","1,7"
8,0x36631c1e690714192614364ae9629850b546d194,"6,0","1,9"
9,0x36631c1e690714192614364ae9629850b546d194,"6,0","1,5"
10,0x36631c1e690714192614364ae9629850b546d194,"3,2","1,3"
11,0x36631c1e690714192614364ae9629850b546d194,"7,2","1,5"
12,0x36631c1e690714192614364ae9629850b546d194,"3,9","1,3"
13,0x36631c1e690714192614364ae9629850b546d194,"6,1","1,9"
14,0x36631c1e690714192614364ae9629850b546d194,"3,8","1,5"
15,0x36631c1e690714192614364ae9629850b546d194,"6,12","1,10"
16,0x36631c1e690714192614364ae9629850b546d194,"6,0","1,7"
17,0x36631c1e690714192614364ae9629850b546d194,"6,10","1,5"
18,0x36631c1e690714192614364ae9629850b546d194,"6,2","1,5"
19,0x36631c1e690714192614364ae9629850b546d194,"4,1","1,5"
20,0x36631c1e690714192614364ae9629850b546d194,"6,9","1,3"
21,0x36631c1e690714192614364ae9629850b546d194,"3,0","1,9"
22,0x36631c1e690714192614364ae9629850b546d194,"6,12","1,9"
23,0x36631c1e690714192614364ae9629850b546d194,"4,0","1,5"
24,0x36631c1e690714192614364ae9629850b546d194,"6,9","1,5"
25,0x36631c1e690714192614364ae9629850b546d194,"4,11","1,6"
26,0x36631c1e690714192614364ae9629850b546d194,"3,10","1,5"
27,0x36631c1e690714192614364ae9629850b546d194,"6,11","1,5"
28,0x36631c1e690714192614364ae9629850b546d194,"6,0","1,7"
29,0x36631c1e690714192614364ae9629850b546d194,"3,0","1,10"
30,0x36631c1e690714192614364ae9629850b546d194,"6,9","1,3"
31,0x36631c1e690714192614364ae9629850b546d194,"6,10","1,5"
32,0x36631c1e690714192614364ae9629850b546d194,"7,8","1,9"
33,0x36631c1e690714192614364ae9629850b546d194,"6,12","1,9"
34,0x36631c1e690714192614364ae9629850b546d194,"3,1","1,6"
35,0x36631c1e690714192614364ae9629850b546d194,"3,1","1,9"
36,0x36631c1e690714192614364ae9629850b546d194,"6,9","1,4"
37,0x36631c1e690714192614364ae9629850b546d194,"6,11","1,8"
38,0x36631c1e690714192614364ae9629850b546d194,"3,8","1,5"
39,0x36631c1e690714192614364ae9629850b546d194,"6,0","1,9"
40,0x36631c1e690714192614364ae9629850b546d194,"6,8","1,5"
41,0x36631c1e690714192614364ae9629850b546d194,"6,12","1,10"
42,0x36631c1e690714192614364ae9629850b546d194,"4,11","1,6"
43,0x36631c1e690714192614364ae9629850b546d194,"4,11","1,6"
44,0x36631c1e690714192614364ae9629850b546d194,"6,1","1,6"
45,0x36631c1e690714192614364ae9629850b546d194,"6,2","1,3"
46,0x36631c1e690714192614364ae9629850b546d194,"4,10","1,7"
47,0x36631c1e690714192614364ae9629850b546d194,"3,8","1,5"
48,0x36631c1e690714192614364ae9629850b546d194,"3,0","1,5"
49,0x36631c1e690714192614364ae9629850b546d194,"3,10","1,7"
50,0x36631c1e690714192614364ae9629850b546d194,"4,9","1,3"
51,0x36631c1e690714192614364ae9629850b546d194,"3,9","1,4"
52,0x36631c1e690714192614364ae9629850b546d194,"3,11","1,7"
53,0x36631c1e690714192614364ae9629850b546d194,"3,9","1,5"
54,0x36631c1e690714192614364ae9629850b546d194,"7,1","1,5"
55,0x36631c1e690714192614364ae9629850b546d194,"3,0","1,7"
56,0x36631c1e690714192614364ae9629850b546d194,"3,2","1,4"
57,0x36631c1e690714192614364ae9629850b546d194,"6,2","1,4"
58,0x36631c1e690714192614364ae9629850b546d194,"3,12","1,5"
59,0x36631c1e690714192614364ae9629850b546d194,"7,1","1,6"
60,0x36631c1e690714192614364ae9629850b546d194,"3,9","1,4"
61,0x36631c1e690714192614364ae9629850b546d194,"3,11","1,6"
62,0x36631c1e690714192614364ae9629850b546d194,"3,2","1,3"
63,0x36631c1e690714192614364ae9629850b546d194,"6,2","1,5"
64,0x36631c1e690714192614364ae9629850b546d194,"7,8","1,7"
65,0x36631c1e690714192614364ae9629850b546d194,"6,11","1,6"
66,0x36631c1e690714192614364ae9629850b546d194,"3,1","1,7"
67,0x36631c1e690714192614364ae9629850b546d194,"7,9","1,4"
68,0x36631c1e690714192614364ae9629850b546d194,"6,10","1,7"
69,0x36631c1e690714192614364ae9629850b546d194,"6,10","1,6"
70,0x36631c1e690714192614364ae9629850b546d194,"6,2","1,3"
71,0x36631c1e690714192614364ae9629850b546d194,"7,8","1,10"
72,0x36631c1e690714192614364ae9629850b546d194,"3,0","1,9"
73,0x36631c1e690714192614364ae9629850b546d194,"3,8","1,7"
74,0x36631c1e690714192614364ae9629850b546d194,"6,8","1,8"
75,0x36631c1e690714192614364ae9629850b546d194,"6,10","1,8"
76,0x36631c1e690714192614364ae9629850b546d194,"6,2","1,3"
77,0x36631c1e690714192614364ae9629850b546d194,"6,9","1,4"
78,0x36631c1e690714192614364ae9629850b546d194,"6,10","1,5"
79,0x36631c1e690714192614364ae9629850b546d194,"4,9","1,4"
80,0x36631c1e690714192614364ae9629850b546d194,"6,2","1,4"
81,0x36631c1e690714192614364ae9629850b546d194,"4,12","1,8"
82,0x36631c1e690714192614364ae9629850b546d194,"3,9","1,3"
83,0x36631c1e690714192614364ae9629850b546d194,"3,8","1,7"
84,0x36631c1e690714192614364ae9629850b546d194,"3,2","1,5"
85,0x36631c1e690714192614364ae9629850b546d194,"6,0","1,5"
86,0x36631c1e690714192614364ae9629850b546d194,"6,11","1,10"
87,0x36631c1e690714192614364ae9629850b546d194,"6,12","1,10"
88,0x36631c1e690714192614364ae9629850b546d194,"4,1","1,8"
89,0x36631c1e690714192614364ae9629850b546d194,"3,10","1,7"
90,0x36631c1e690714192614364ae9629850b546d194,"4,1","1,6"
91,0x36631c1e690714192614364ae9629850b546d194,"6,9","1,5"
92,0x36631c1e690714192614364ae9629850b546d194,"6,11","1,7"
93,0x36631c1e690714192614364ae9629850b546d194,"3,8","1,10"
94,0x36631c1e690714192614364ae9629850b546d194,"6,1","1,9"
95,0x36631c1e690714192614364ae9629850b546d194,"6,9","1,3"
96,0x36631c1e690714192614364ae9629850b546d194,"6,0","1,8"
97,0x36631c1e690714192614364ae9629850b546d194,"3,0","1,10"
98,0x36631c1e690714192614364ae9629850b546d194,"3,11","1,8"
99,0x36631c1e690714192614364ae9629850b546d194,"3,9","1,3"
100,0x36631c1e690714192614364ae9629850b546d194,"6,2","1,3"
101,0x36631c1e690714192614364ae9629850b546d194,"6,12","1,10"
102,0x36631c1e690714192614364ae9629850b546d194,"4,10","1,9"
103,0x36631c1e690714192614364ae9629850b546d194,"6,10","1,5"
104,0x36631c1e690714192614364ae9629850b546d194,"7,12","1,10"
105,0x36631c1e690714192614364ae9629850b546d194,"3,12","1,9"
106,0x36631c1e690714192614364ae9629850b546d194,"6,12","1,7"
107,0x36631c1e690714192614364ae9629850b546d194,"6,8","1,7"
108,0x36631c1e690714192614364ae9629850b546d194,"3,1","1,10"
109,0x36631c1e690714192614364ae9629850b546d194,"6,8","1,6"
110,0x36631c1e690714192614364ae9629850b546d194,"6,8","1,8"
111,0x36631c1e690714192614364ae9629850b546d194,"6,11","1,5"
112,0x36631c1e690714192614364ae9629850b546d194,"3,11","1,9"
113,0x36631c1e690714192614364ae9629850b546d194,"4,8","1,7"
114,0x36631c1e690714192614364ae9629850b546d194,"3,9","1,4"
115,0x36631c1e690714192614364ae9629850b546d194,"7,9","1,3"
116,0x36631c1e690714192614364ae9629850b546d194,"3,9","1,4"
117,0x36631c1e690714192614364ae9629850b546d194,"6,2","1,3"
118,0x36631c1e690714192614364ae9629850b546d194,"4,2","1,3"
119,0x36631c1e690714192614364ae9629850b546d194,"4,8","1,9"
120,0x36631c1e690714192614364ae9629850b546d194,"3,9","1,3"
121,0x36631c1e690714192614364ae9629850b546d194,"3,10","1,5"
122,0x36631c1e690714192614364ae9629850b546d194,"6,9","1,4"
123,0x36631c1e690714192614364ae9629850b546d194,"6,9","1,4"
124,0x36631c1e690714192614364ae9629850b546d194,"6,2","1,5"
125,0x36631c1e690714192614364ae9629850b546d194,"6,12","1,9"
126,0x36631c1e690714192614364ae9629850b546d194,"6,10","1,10"
127,0x36631c1e690714192614364ae9629850b546d194,"3,2","1,3"
128,0x36631c1e690714192614364ae9629850b546d194,"7,12","1,5"
129,0x36631c1e690714192614364ae9629850b546d194,"7,0","1,10"
130,0x36631c1e690714192614364ae9629850b546d194,"3,9","1,4"
131,0x36631c1e690714192614364ae9629850b546d194,"7,10","1,6"
132,0x36631c1e690714192614364ae9629850b546d194,"6,8","1,10"
133,0x36631c1e690714192614364ae9629850b546d194,"6,12","1,9"
134,0x36631c1e690714192614364ae9629850b546d194,"7,8","1,5"
135,0x36631c1e690714192614364ae9629850b546d194,"3,2","1,3"
136,0x36631c1e690714192614364ae9629850b546d194,"6,9","1,4"
137,0x36631c1e690714192614364ae9629850b546d194,"3,0","1,5"
138,0x36631c1e690714192614364ae9629850b546d194,"7,0","1,7"
139,0x36631c1e690714192614364ae9629850b546d194,"3,11","1,8"
140,0x36631c1e690714192614364ae9629850b546d194,"3,9","1,3"
141,0x36631c1e690714192614364ae9629850b546d194,"6,9","1,4"
142,0x36631c1e690714192614364ae9629850b546d194,"4,1","1,6"
143,0x36631c1e690714192614364ae9629850b546d194,"6,1","1,6"
144,0x36631c1e690714192614364ae9629850b546d194,"7,8","1,6"
145,0x36631c1e690714192614364ae9629850b546d194,"7,11","1,9"
146,0x36631c1e690714192614364ae9629850b546d194,"6,2","1,5"
147,0x36631c1e690714192614364ae9629850b546d194,"3,8","1,7"
148,0x36631c1e690714192614364ae9629850b546d194,"6,0","1,8"
149,0x36631c1e690714192614364ae9629850b546d194,"6,11","1,8"
150,0x36631c1e690714192614364ae9629850b546d194,"7,10","1,10"
151,0x36631c1e690714192614364ae9629850b546d194,"3,2","1,3"
152,0x36631c1e690714192614364ae9629850b546d194,"7,1","1,9"
153,0x36631c1e690714192614364ae9629850b546d194,"3,8","1,6"
154,0x36631c1e690714192614364ae9629850b546d194,"6,10","1,10"
155,0x36631c1e690714192614364ae9629850b546d194,"4,11","1,5"
156,0x36631c1e690714192614364ae9629850b546d194,"3,10","1,7"
157,0x36631c1e690714192614364ae9629850b546d194,"3,0","1,8"
158,0x36631c1e690714192614364ae9629850b546d194,"7,9","1,3"
159,0x36631c1e690714192614364ae9629850b546d194,"7,2","1,5"
160,0x36631c1e690714192614364ae9629850b546d194,"4,11","1,10"
161,0x36631c1e690714192614364ae9629850b546d194,"3,0","1,6"
162,0x36631c1e690714192614364ae9629850b546d194,"3,8","1,9"
163,0x36631c1e690714192614364ae9629850b546d194,"3,2","1,4"
164,0x36631c1e690714192614364ae9629850b546d194,"3,8","1,9"
165,0x36631c1e690714192614364ae9629850b546d194,"7,0","1,6"
166,0x36631c1e690714192614364ae9629850b546d194,"6,2","1,5"
167,0x36631c1e690714192614364ae9629850b546d194,"6,8","1,8"
168,0x36631c1e690714192614364ae9629850b546d194,"6,9","1,3"
169,0x36631c1e690714192614364ae9629850b546d194,"3,11","1,8"
170,0x36631c1e690714192614364ae9629850b546d194,"6,2","1,4"
171,0x36631c1e690714192614364ae9629850b546d194,"6,10","1,8"
172,0x36631c1e690714192614364ae9629850b546d194,"7,11","1,10"
173,0x36631c1e690714192614364ae9629850b546d194,"3,10","1,8"
174,0x36631c1e690714192614364ae9629850b546d194,"3,2","1,3"
175,0x36631c1e690714192614364ae9629850b546d194,"6,10","1,7"
176,0x36631c1e690714192614364ae9629850b546d194,"6,2","1,5"
177,0x36631c1e690714192614364ae9629850b546d194,"7,8","1,6"
178,0x36631c1e690714192614364ae9629850b546d194,"7,12","1,6"
179,0x36631c1e690714192614364ae9629850b546d194,"3,10","1,7"
180,0x36631c1e690714192614364ae9629850b546d194,"6,11","1,8"
181,0x36631c1e690714192614364ae9629850b546d194,"6,0","1,9"
182,0x36631c1e690714192614364ae9629850b546d194,"7,12","1,5"
183,0x36631c1e690714192614364ae9629850b546d194,"3,12","1,6"
184,0x36631c1e690714192614364ae9629850b546d194,"7,1","1,6"
185,0x36631c1e690714192614364ae9629850b546d194,"7,8","1,9"
186,0x36631c1e690714192614364ae9629850b546d194,"6,10","1,5"
187,0x36631c1e690714192614364ae9629850b546d194,"6,0","1,8"
188,0x36631c1e690714192614364ae9629850b546d194,"6,2","1,3"
189,0x36631c1e690714192614364ae9629850b546d194,"6,10","1,7"
190,0x36631c1e690714192614364ae9629850b546d194,"6,1","1,8"
191,0x36631c1e690714192614364ae9629850b546d194,"7,10","1,5"
192,0x36631c1e690714192614364ae9629850b546d194,"6,10","1,9"
193,0x36631c1e690714192614364ae9629850b546d194,"6,2","1,3"
194,0x36631c1e690714192614364ae9629850b546d194,"6,12","1,5"
195,0x36631c1e690714192614364ae9629850b546d194,"7,10","1,7"
196,0x36631c1e690714192614364ae9629850b546d194,"3,9","1,5"
197,0x36631c1e690714192614364ae9629850b546d194,"3,2","1,3"
198,0x36631c1e690714192614364ae9629850b546d194,"3,11","1,9"
199,0x36631c1e690714192614364ae9629850b546d194,"3,9","1,4"
200,0x36631c1e690714192614364ae9629850b546d194,"6,9","1,3"
201,0x36631c1e690714192614364ae9629850b546d194,"6,11","1,9"
202,0x36631c1e690714192614364ae9629850b546d194,"6,10","1,6"
203,0x36631c1e690714192614364ae9629850b546d194,"3,12","1,10"
204,0x36631c1e690714192614364ae9629850b546d194,"6,12","1,5"
205,0x36631c1e690714192614364ae9629850b546d194,"6,1","1,9"
206,0x36631c1e690714192614364ae9629850b546d194,"7,11","1,10"
207,0x36631c1e690714192614364ae9629850b546d194,"6,0","1,8"
208,0x36631c1e690714192614364ae9629850b546d194,"6,12","1,9"
209,0x36631c1e690714192614364ae9629850b546d194,"4,12","1,8"
210,0x36631c1e690714192614364ae9629850b546d194,"6,12","1,6"
211,0x36631c1e690714192614364ae9629850b546d194,"6,10","1,6"
212,0x36631c1e690714192614364ae9629850b546d194,"6,11","1,9"
213,0x36631c1e690714192614364ae9629850b546d194,"3,10","1,10"
214,0x36631c1e690714192614364ae9629850b546d194,"6,10","1,5"
215,0x36631c1e690714192614364ae9629850b546d194,"4,12","1,8"
216,0x36631c1e690714192614364ae9629850b546d194,"6,0","1,9"
217,0x36631c1e690714192614364ae9629850b546d194,"6,2","1,5"
218,0x36631c1e690714192614364ae9629850b546d194,"4,0","1,9"
219,0x36631c1e690714192614364ae9629850b546d194,"6,2","1,3"
220,0x36631c1e690714192614364ae9629850b546d194,"7,9","1,5"
221,0x36631c1e690714192614364ae9629850b546d194,"3,10","1,10"
222,0x36631c1e690714192614364ae9629850b546d194,"6,11","1,8"
223,0x36631c1e690714192614364ae9629850b546d194,"3,8","1,6"
224,0x36631c1e690714192614364ae9629850b546d194,"3,9","1,5"
225,0x36631c1e690714192614364ae9629850b546d194,"7,8","1,8"
226,0x36631c1e690714192614364ae9629850b546d194,"6,2","1,4"
227,0x36631c1e690714192614364ae9629850b546d194,"4,12","1,7"
228,0x36631c1e690714192614364ae9629850b546d194,"6,9","1,5"
229,0x36631c1e690714192614364ae9629850b546d194,"6,10","1,9"
230,0x36631c1e690714192614364ae9629850b546d194,"6,0","1,5"
231,0x36631c1e690714192614364ae9629850b546d194,"3,11","1,8"
232,0x36631c1e690714192614364ae9629850b546d194,"6,1","1,6"
233,0x36631c1e690714192614364ae9629850b546d194,"4,1","1,9"
234,0x36631c1e690714192614364ae9629850b546d194,"6,0","1,6"
235,0x36631c1e690714192614364ae9629850b546d194,"6,1","1,8"
236,0x36631c1e690714192614364ae9629850b546d194,"6,0","1,9"
237,0x36631c1e690714192614364ae9629850b546d194,"4,9","1,3"
238,0x36631c1e690714192614364ae9629850b546d194,"3,8","1,10"
239,0x36631c1e690714192614364ae9629850b546d194,"3,11","1,8"
240,0x36631c1e690714192614364ae9629850b546d194,"3,1","1,10"
241,0x36631c1e690714192614364ae9629850b546d194,"4,2","1,5"
242,0x36631c1e690714192614364ae9629850b546d194,"7,1","1,7"
243,0x36631c1e690714192614364ae9629850b546d194,"4,9","1,3"
244,0x36631c1e690714192614364ae9629850b546d194,"3,1","1,10"
245,0x36631c1e690714192614364ae9629850b546d194,"3,2","1,3"
246,0x36631c1e690714192614364ae9629850b546d194,"3,12","1,10"
247,0x36631c1e690714192614364ae9629850b546d194,"4,10","1,9"
248,0x36631c1e690714192614364ae9629850b546d194,"4,10","1,7"
249,0x36631c1e690714192614364ae9629850b546d194,"7,8","1,5"
250,0x36631c1e690714192614364ae9629850b546d194,"3,0","1,9"
251,0x36631c1e690714192614364ae9629850b546d194,"7,8","1,10"
252,0x36631c1e690714192614364ae9629850b546d194,"3,11","1,9"
253,0x36631c1e690714192614364ae9629850b546d194,"3,2","1,5"
254,0x36631c1e690714192614364ae9629850b546d194,"3,1","1,6"
255,0x36631c1e690714192614364ae9629850b546d194,"6,11","1,5"
256,0x36631c1e690714192614364ae9629850b546d194,"7,0","1,10"
257,0x36631c1e690714192614364ae9629850b546d194,"4,11","1,10"
258,0x36631c1e690714192614364ae9629850b546d194,"6,2","1,4"
259,0x36631c1e690714192614364ae9629850b546d194,"6,1","1,9"
260,0x36631c1e690714192614364ae9629850b546d194,"6,2","1,5"
261,0x36631c1e690714192614364ae9629850b546d194,"7,9","1,3"
262,0x36631c1e690714192614364ae9629850b546d194,"3,2","1,5"
263,0x36631c1e690714192614364ae9629850b546d194,"3,10","1,6"
264,0x36631c1e690714192614364ae9629850b546d194,"6,0","1,5"
265,0x36631c1e690714192614364ae9629850b546d194,"3,12","1,8"
266,0x36631c1e690714192614364ae9629850b546d194,"3,2","1,5"
267,0x36631c1e690714192614364ae9629850b546d194,"4,9","1,4"
268,0x36631c1e690714192614364ae9629850b546d194,"7,10","1,10"
269,0x36631c1e690714192614364ae9629850b546d194,"6,2","1,3"
270,0x36631c1e690714192614364ae9629850b546d194,"3,11","1,6"
271,0x36631c1e690714192614364ae9629850b546d194,"6,2","1,3"
272,0x36631c1e690714192614364ae9629850b546d194,"6,12","1,7"
273,0x36631c1e690714192614364ae9629850b546d194,"7,0","1,5"
274,0x36631c1e690714192614364ae9629850b546d194,"3,2","1,3"
275,0x36631c1e690714192614364ae9629850b546d194,"6,11","1,5"
276,0x36631c1e690714192614364ae9629850b546d194,"6,1","1,10"
277,0x36631c1e690714192614364ae9629850b546d194,"3,0","1,8"
278,0x36631c1e690714192614364ae9629850b546d194,"3,11","1,10"
279,0x36631c1e690714192614364ae9629850b546d194,"7,0","1,8"
280,0x36631c1e690714192614364ae9629850b546d194,"6,9","1,3"
281,0x36631c1e690714192614364ae9629850b546d194,"7,0","1,10"
282,0x36631c1e690714192614364ae9629850b546d194,"7,1","1,7"
283,0x36631c1e690714192614364ae9629850b546d194,"3,0","1,8"
284,0x36631c1e690714192614364ae9629850b546d194,"6,9","1,4"
285,0x36631c1e690714192614364ae9629850b546d194,"6,9","1,4"
286,0x36631c1e690714192614364ae9629850b546d194,"3,12","1,7"
287,0x36631c1e690714192614364ae9629850b546d194,"3,10","1,8"
288,0x36631c1e690714192614364ae9629850b546d194,"3,1","1,9"
289,0x36631c1e690714192614364ae9629850b546d194,"6,8","1,10"
290,0x36631c1e690714192614364ae9629850b546d194,"3,10","1,7"
291,0x36631c1e690714192614364ae9629850b546d194,"3,11","1,9"
292,0x36631c1e690714192614364ae9629850b546d194,"3,11","1,10"
293,0x36631c1e690714192614364ae9629850b546d194,"6,9","1,5"
294,0x36631c1e690714192614364ae9629850b546d194,"7,11","1,6"
295,0x36631c1e690714192614364ae9629850b546d194,"6,2","1,4"
296,0x36631c1e690714192614364ae9629850b546d194,"4,12","1,10"
297,0x36631c1e690714192614364ae9629850b546d194,"3,2","1,3"
298,0x36631c1e690714192614364ae9629850b546d194,"6,2","1,4"
299,0x36631c1e690714192614364ae9629850b546d194,"3,9","1,3"
300,0x36631c1e690714192614364ae9629850b546d194,"3,11","1,6"
301,0x36631c1e690714192614364ae9629850b546d194,"7,2","1,3"
302,0x36631c1e690714192614364ae9629850b546d194,"6,12","1,7"
303,0x36631c1e690714192614364ae9629850b546d194,"6,10","1,9"
304,0x36631c1e690714192614364ae9629850b546d194,"6,1","1,7"
305,0x36631c1e690714192614364ae9629850b546d194,"3,8","1,6"
306,0x36631c1e690714192614364ae9629850b546d194,"3,8","1,9"
307,0x36631c1e690714192614364ae9629850b546d194,"7,12","1,8"
308,0x36631c1e690714192614364ae9629850b546d194,"6,1","1,6"
309,0x36631c1e690714192614364ae9629850b546d194,"6,11","1,7"
310,0x36631c1e690714192614364ae9629850b546d194,"6,11","1,8"
311,0x36631c1e690714192614364ae9629850b546d194,"3,10","1,6"
312,0x36631c1e690714192614364ae9629850b546d194,"6,12","1,10"
313,0x36631c1e690714192614364ae9629850b546d194,"6,0","1,8"
314,0x36631c1e690714192614364ae9629850b546d194,"6,2","1,3"
315,0x36631c1e690714192614364ae9629850b546d194,"3,2","1,3"
316,0x36631c1e690714192614364ae9629850b546d194,"6,0","1,9"
317,0x36631c1e690714192614364ae9629850b546d194,"6,10","1,9"
318,0x36631c1e690714192614364ae9629850b546d194,"6,2","1,4"
319,0x36631c1e690714192614364ae9629850b546d194,"6,1","1,6"
320,0x36631c1e690714192614364ae9629850b546d194,"3,9","1,5"
321,0x36631c1e690714192614364ae9629850b546d194,"7,10","1,7"
322,0x36631c1e690714192614364ae9629850b546d194,"6,11","1,9"
323,0x36631c1e690714192614364ae9629850b546d194,"3,12","1,6"
324,0x36631c1e690714192614364ae9629850b546d194,"3,8","1,5"
325,0x36631c1e690714192614364ae9629850b546d194,"6,11","1,9"
326,0x36631c1e690714192614364ae9629850b546d194,"6,1","1,6"
327,0x36631c1e690714192614364ae9629850b546d194,"6,11","1,6"
328,0x36631c1e690714192614364ae9629850b546d194,"3,12","1,7"
329,0x36631c1e690714192614364ae9629850b546d194,"3,0","1,9"
330,0x36631c1e690714192614364ae9629850b546d194,"6,2","1,5"
331,0x36631c1e690714192614364ae9629850b546d194,"3,8","1,7"
332,0x36631c1e690714192614364ae9629850b546d194,"3,12","1,7"
333,0x36631c1e690714192614364ae9629850b546d194,"4,8","1,7"
334,0x36631c1e690714192614364ae9629850b546d194,"3,2","1,3"
335,0x36631c1e690714192614364ae9629850b546d194,"3,10","1,8"
336,0x36631c1e690714192614364ae9629850b546d194,"7,12","1,10"
337,0x36631c1e690714192614364ae9629850b546d194,"3,9","1,4"
338,0x36631c1e690714192614364ae9629850b546d194,"3,9","1,3"
339,0x36631c1e690714192614364ae9629850b546d194,"6,2","1,3"
340,0x36631c1e690714192614364ae9629850b546d194,"3,2","1,4"
341,0x36631c1e690714192614364ae9629850b546d194,"3,0","1,5"
342,0x36631c1e690714192614364ae9629850b546d194,"6,0","1,5"
343,0x36631c1e690714192614364ae9629850b546d194,"4,1","1,8"
344,0x36631c1e690714192614364ae9629850b546d194,"3,12","1,6"
345,0x36631c1e690714192614364ae9629850b546d194,"3,9","1,3"
346,0x36631c1e690714192614364ae9629850b546d194,"4,0","1,9"
347,0x36631c1e690714192614364ae9629850b546d194,"3,9","1,4"
348,0x36631c1e690714192614364ae9629850b546d194,"3,11","1,6"
349,0x36631c1e690714192614364ae9629850b546d194,"3,8","1,6"
350,0x36631c1e690714192614364ae9629850b546d194,"6,12","1,6"
351,0x36631c1e690714192614364ae9629850b546d194,"3,9","1,4"
352,0x36631c1e690714192614364ae9629850b546d194,"3,0","1,9"
353,0x36631c1e690714192614364ae9629850b546d194,"6,2","1,3"
354,0x36631c1e690714192614364ae9629850b546d194,"3,10","1,9"
355,0x36631c1e690714192614364ae9629850b546d194,"3,1","1,5"
356,0x36631c1e690714192614364ae9629850b546d194,"3,2","1,4"
357,0x36631c1e690714192614364ae9629850b546d194,"6,11","1,10"
358,0x36631c1e690714192614364ae9629850b546d194,"3,0","1,8"
359,0x36631c1e690714192614364ae9629850b546d194,"6,0","1,9"
360,0x36631c1e690714192614364ae9629850b546d194,"4,12","1,9"
361,0x36631c1e690714192614364ae9629850b546d194,"6,12","1,6"
362,0x36631c1e690714192614364ae9629850b546d194,"6,11","1,5"
363,0x36631c1e690714192614364ae9629850b546d194,"6,0","1,8"
364,0x36631c1e690714192614364ae9629850b546d194,"7,0","1,5"
365,0x36631c1e690714192614364ae9629850b546d194,"3,8","1,5"
366,0x36631c1e690714192614364ae9629850b546d194,"6,2","1,3"
367,0x36631c1e690714192614364ae9629850b546d194,"3,10","1,8"
368,0x36631c1e690714192614364ae9629850b546d194,"7,10","1,7"
369,0x36631c1e690714192614364ae9629850b546d194,"3,1","1,9"
370,0x36631c1e690714192614364ae9629850b546d194,"3,2","1,4"
371,0x36631c1e690714192614364ae9629850b546d194,"6,10","1,10"
372,0x36631c1e690714192614364ae9629850b546d194,"7,10","1,7"
373,0x36631c1e690714192614364ae9629850b546d194,"7,8","1,5"
374,0x36631c1e690714192614364ae9629850b546d194,"6,2","1,4"
375,0x36631c1e690714192614364ae9629850b546d194,"6,12","1,7"
376,0x36631c1e690714192614364ae9629850b546d194,"6,0","1,9"
377,0x36631c1e690714192614364ae9629850b546d194,"6,9","1,4"
378,0x36631c1e690714192614364ae9629850b546d194,"6,11","1,10"
379,0x36631c1e690714192614364ae9629850b546d194,"3,10","1,6"
380,0x36631c1e690714192614364ae9629850b546d194,"4,8","1,9"
381,0x36631c1e690714192614364ae9629850b546d194,"7,11","1,5"
382,0x36631c1e690714192614364ae9629850b546d194,"3,1","1,10"
383,0x36631c1e690714192614364ae9629850b546d194,"6,0","1,9"
384,0x36631c1e690714192614364ae9629850b546d194,"3,8","1,6"
385,0x36631c1e690714192614364ae9629850b546d194,"6,10","1,6"
386,0x36631c1e690714192614364ae9629850b546d194,"6,8","1,6"
387,0x36631c1e690714192614364ae9629850b546d194,"7,10","1,6"
388,0x36631c1e690714192614364ae9629850b546d194,"6,0","1,10"
389,0x36631c1e690714192614364ae9629850b546d194,"6,1","1,5"
390,0x36631c1e690714192614364ae9629850b546d194,"3,8","1,7"
391,0x36631c1e690714192614364ae9629850b546d194,"7,12","1,10"
392,0x36631c1e690714192614364ae9629850b546d194,"6,2","1,3"
393,0x36631c1e690714192614364ae9629850b546d194,"7,0","1,9"
394,0x36631c1e690714192614364ae9629850b546d194,"6,0","1,6"
395,0x36631c1e690714192614364ae9629850b546d194,"3,12","1,5"
396,0x36631c1e690714192614364ae9629850b546d194,"3,10","1,6"
397,0x36631c1e690714192614364ae9629850b546d194,"6,8","1,6"
398,0x36631c1e690714192614364ae9629850b546d194,"7,0","1,9"
399,0x36631c1e690714192614364ae9629850b546d194,"7,11","1,7"
400,0x36631c1e690714192614364ae9629850b546d194,"7,2","1,5"
401,0x36631c1e690714192614364ae9629850b546d194,"4,1","1,7"
402,0x36631c1e690714192614364ae9629850b546d194,"3,2","1,3"
403,0x36631c1e690714192614364ae9629850b546d194,"6,1","1,8"
404,0x36631c1e690714192614364ae9629850b546d194,"7,1","1,10"
405,0x36631c1e690714192614364ae9629850b546d194,"3,9","1,3"
406,0x36631c1e690714192614364ae9629850b546d194,"3,10","1,6"
407,0x36631c1e690714192614364ae9629850b546d194,"7,8","1,7"
408,0x36631c1e690714192614364ae9629850b546d194,"6,1","1,10"
409,0x36631c1e690714192614364ae9629850b546d194,"6,1","1,10"
410,0x36631c1e690714192614364ae9629850b546d194,"3,10","1,10"
411,0x36631c1e690714192614364ae9629850b546d194,"6,1","1,6"
412,0x36631c1e690714192614364ae9629850b546d194,"4,0","1,8"
413,0x36631c1e690714192614364ae9629850b546d194,"4,9","1,5"
414,0x36631c1e690714192614364ae9629850b546d194,"6,11","1,5"
415,0x36631c1e690714192614364ae9629850b546d194,"3,8","1,9"
416,0x36631c1e690714192614364ae9629850b546d194,"7,2","1,3"
417,0x36631c1e690714192614364ae9629850b546d194,"4,8","1,9"
418,0x36631c1e690714192614364ae9629850b546d194,"3,12","1,7"
419,0x36631c1e690714192614364ae9629850b546d194,"3,0","1,5"
420,0x36631c1e690714192614364ae9629850b546d194,"4,10","1,5"
421,0x36631c1e690714192614364ae9629850b546d194,"3,10","1,5"
422,0x36631c1e690714192614364ae9629850b546d194,"6,9","1,4"
423,0x36631c1e690714192614364ae9629850b546d194,"6,2","1,3"
424,0x36631c1e690714192614364ae9629850b546d194,"6,1","1,10"
425,0x36631c1e690714192614364ae9629850b546d194,"6,0","1,6"
426,0x36631c1e690714192614364ae9629850b546d194,"6,12","1,6"
427,0x36631c1e690714192614364ae9629850b546d194,"4,2","1,3"
428,0x36631c1e690714192614364ae9629850b546d194,"3,2","1,5"
429,0x36631c1e690714192614364ae9629850b546d194,"6,0","1,5"
430,0x36631c1e690714192614364ae9629850b546d194,"6,0","1,8"
431,0x36631c1e690714192614364ae9629850b546d194,"6,11","1,9"
432,0x36631c1e690714192614364ae9629850b546d194,"3,11","1,10"
433,0x36631c1e690714192614364ae9629850b546d194,"6,8","1,6"
434,0x36631c1e690714192614364ae9629850b546d194,"3,1","1,7"
435,0x36631c1e690714192614364ae9629850b546d194,"7,11","1,5"
436,0x36631c1e690714192614364ae9629850b546d194,"6,1","1,7"
437,0x36631c1e690714192614364ae9629850b546d194,"7,2","1,5"
438,0x36631c1e690714192614364ae9629850b546d194,"4,1","1,9"
439,0x36631c1e690714192614364ae9629850b546d194,"3,2","1,5"
440,0x36631c1e690714192614364ae9629850b546d194,"6,2","1,4"
441,0x36631c1e690714192614364ae9629850b546d194,"3,9","1,3"
442,0x36631c1e690714192614364ae9629850b546d194,"6,11","1,9"
443,0x36631c1e690714192614364ae9629850b546d194,"7,12","1,6"
444,0x36631c1e690714192614364ae9629850b546d194,"3,9","1,5"
445,0x36631c1e690714192614364ae9629850b546d194,"6,11","1,9"
446,0x36631c1e690714192614364ae9629850b546d194,"3,0","1,8"
447,0x36631c1e690714192614364ae9629850b546d194,"6,12","1,6"
448,0x36631c1e690714192614364ae9629850b546d194,"3,11","1,8"
449,0x36631c1e690714192614364ae9629850b546d194,"7,1","1,7"
450,0x36631c1e690714192614364ae9629850b546d194,"7,1","1,10"
451,0x36631c1e690714192614364ae9629850b546d194,"7,11","1,9"
452,0x36631c1e690714192614364ae9629850b546d194,"3,1","1,9"
453,0x36631c1e690714192614364ae9629850b546d194,"7,0","1,9"
454,0x36631c1e690714192614364ae9629850b546d194,"3,12","1,5"
455,0x36631c1e690714192614364ae9629850b546d194,"3,1","1,5"
456,0x36631c1e690714192614364ae9629850b546d194,"6,10","1,6"
457,0x36631c1e690714192614364ae9629850b546d194,"3,8","1,6"
458,0x36631c1e690714192614364ae9629850b546d194,"3,9","1,4"
459,0x36631c1e690714192614364ae9629850b546d194,"3,0","1,6"
460,0x36631c1e690714192614364ae9629850b546d194,"6,0","1,8"
461,0x36631c1e690714192614364ae9629850b546d194,"6,0","1,6"
462,0x36631c1e690714192614364ae9629850b546d194,"6,2","1,4"
463,0x36631c1e690714192614364ae9629850b546d194,"6,9","1,4"
464,0x36631c1e690714192614364ae9629850b546d194,"3,8","1,5"
465,0x36631c1e690714192614364ae9629850b546d194,"3,12","1,10"
466,0x36631c1e690714192614364ae9629850b546d194,"3,10","1,9"
467,0x36631c1e690714192614364ae9629850b546d194,"6,8","1,6"
468,0x36631c1e690714192614364ae9629850b546d194,"6,0","1,5"
469,0x36631c1e690714192614364ae9629850b546d194,"3,10","1,7"
470,0x36631c1e690714192614364ae9629850b546d194,"6,12","1,7"
471,0x36631c1e690714192614364ae9629850b546d194,"4,1","1,8"
472,0x36631c1e690714192614364ae9629850b546d194,"3,10","1,10"
473,0x36631c1e690714192614364ae9629850b546d194,"6,11","1,6"
474,0x36631c1e690714192614364ae9629850b546d194,"3,12","1,7"
475,0x36631c1e690714192614364ae9629850b546d194,"6,9","1,4"
476,0x36631c1e690714192614364ae9629850b546d194,"6,1","1,7"
477,0x36631c1e690714192614364ae9629850b546d194,"7,9","1,5"
478,0x36631c1e690714192614364ae9629850b546d194,"3,9","1,5"
479,0x36631c1e690714192614364ae9629850b546d194,"4,1","1,9"
480,0x36631c1e690714192614364ae9629850b546d194,"6,1","1,5"
481,0x36631c1e690714192614364ae9629850b546d194,"3,8","1,5"
482,0x36631c1e690714192614364ae9629850b546d194,"3,11","1,6"
483,0x36631c1e690714192614364ae9629850b546d194,"3,0","1,9"
484,0x36631c1e690714192614364ae9629850b546d194,"3,12","1,10"
485,0x36631c1e690714192614364ae9629850b546d194,"6,12","1,7"
486,0x36631c1e690714192614364ae9629850b546d194,"7,10","1,9"
487,0x36631c1e690714192614364ae9629850b546d194,"4,1","1,5"
488,0x36631c1e690714192614364ae9629850b546d194,"4,8","1,5"
489,0x36631c1e690714192614364ae9629850b546d194,"3,9","1,3"
490,0x36631c1e690714192614364ae9629850b546d194,"3,11","1,9"
491,0x36631c1e690714192614364ae9629850b546d194,"6,0","1,7"
492,0x36631c1e690714192614364ae9629850b546d194,"3,11","1,10"
493,0x36631c1e690714192614364ae9629850b546d194,"3,10","1,9"
494,0x36631c1e690714192614364ae9629850b546d194,"3,1","1,7"
495,0x36631c1e690714192614364ae9629850b546d194,"6,0","1,6"
496,0x36631c1e690714192614364ae9629850b546d194,"3,9","1,4"
497,0x36631c1e690714192614364ae9629850b546d194,"7,12","1,6"
498,0x36631c1e690714192614364ae9629850b546d194,"6,8","1,7"
499,0x36631c1e690714192614364ae9629850b546d194,"3,1","1,7"
500,0x36631c1e690714192614364ae9629850b546d194,"3,10","1,8"
501,0x36631c1e690714192614364ae9629850b546d194,"4,12","1,10"
502,0x36631c1e690714192614364ae9629850b546d194,"6,1","1,9"
503,0x36631c1e690714192614364ae9629850b546d194,"4,1","1,8"
504,0x36631c1e690714192614364ae9629850b546d194,"7,2","1,3"
505,0x36631c1e690714192614364ae9629850b546d194,"3,1","1,10"
506,0x36631c1e690714192614364ae9629850b546d194,"6,2","1,3"
507,0x36631c1e690714192614364ae9629850b546d194,"3,10","1,10"
508,0x36631c1e690714192614364ae9629850b546d194,"3,12","1,6"
509,0x36631c1e690714192614364ae9629850b546d194,"3,8","1,7"
510,0x36631c1e690714192614364ae9629850b546d194,"6,10","1,6"
511,0x36631c1e690714192614364ae9629850b546d194,"3,12","1,9"
512,0x36631c1e690714192614364ae9629850b546d194,"6,2","1,4"
513,0x36631c1e690714192614364ae9629850b546d194,"3,12","1,5"
514,0x36631c1e690714192614364ae9629850b546d194,"6,12","1,10"
515,0x36631c1e690714192614364ae9629850b546d194,"3,1","1,7"
516,0x36631c1e690714192614364ae9629850b546d194,"3,1","1,10"
517,0x36631c1e690714192614364ae9629850b546d194,"3,12","1,7"
518,0x36631c1e690714192614364ae9629850b546d194,"3,11","1,10"
519,0x36631c1e690714192614364ae9629850b546d194,"6,12","1,8"
520,0x36631c1e690714192614364ae9629850b546d194,"3,8","1,10"
521,0x36631c1e690714192614364ae9629850b546d194,"6,8","1,7"
522,0x36631c1e690714192614364ae9629850b546d194,"3,8","1,8"
523,0x36631c1e690714192614364ae9629850b546d194,"7,10","1,8"
524,0x36631c1e690714192614364ae9629850b546d194,"7,1","1,5"
525,0x36631c1e690714192614364ae9629850b546d194,"4,1","1,9"
526,0x36631c1e690714192614364ae9629850b546d194,"3,10","1,7"
527,0x36631c1e690714192614364ae9629850b546d194,"6,9","1,4"
528,0x36631c1e690714192614364ae9629850b546d194,"6,0","1,7"
529,0x36631c1e690714192614364ae9629850b546d194,"3,12","1,9"
530,0x36631c1e690714192614364ae9629850b546d194,"4,10","1,6"
531,0x36631c1e690714192614364ae9629850b546d194,"7,10","1,9"
532,0x36631c1e690714192614364ae9629850b546d194,"3,8","1,6"
533,0x36631c1e690714192614364ae9629850b546d194,"6,0","1,5"
534,0x36631c1e690714192614364ae9629850b546d194,"4,0","1,10"
535,0x36631c1e690714192614364ae9629850b546d194,"6,10","1,5"
536,0x36631c1e690714192614364ae9629850b546d194,"4,1","1,7"
537,0x36631c1e690714192614364ae9629850b546d194,"6,1","1,6"
538,0x36631c1e690714192614364ae9629850b546d194,"6,12","1,6"
539,0x36631c1e690714192614364ae9629850b546d194,"6,8","1,8"
540,0x36631c1e690714192614364ae9629850b546d194,"4,8","1,9"
541,0x36631c1e690714192614364ae9629850b546d194,"6,1","1,9"
542,0x36631c1e690714192614364ae9629850b546d194,"3,11","1,6"
543,0x36631c1e690714192614364ae9629850b546d194,"4,1","1,9"
544,0x36631c1e690714192614364ae9629850b546d194,"6,12","1,5"
545,0x36631c1e690714192614364ae9629850b546d194,"6,12","1,6"
546,0x36631c1e690714192614364ae9629850b546d194,"6,0","1,6"
547,0x36631c1e690714192614364ae9629850b546d194,"4,10","1,5"
548,0x36631c1e690714192614364ae9629850b546d194,"3,2","1,4"
549,0x36631c1e690714192614364ae9629850b546d194,"7,11","1,7"
550,0x36631c1e690714192614364ae9629850b546d194,"4,10","1,9"
551,0x36631c1e690714192614364ae9629850b546d194,"6,10","1,8"
552,0x36631c1e690714192614364ae9629850b546d194,"4,0","1,5"
553,0x36631c1e690714192614364ae9629850b546d194,"7,2","1,5"
554,0x36631c1e690714192614364ae9629850b546d194,"6,9","1,5"
555,0x36631c1e690714192614364ae9629850b546d194,"4,8","1,8"
556,0x36631c1e690714192614364ae9629850b546d194,"4,10","1,9"
557,0x36631c1e690714192614364ae9629850b546d194,"3,8","1,10"
558,0x36631c1e690714192614364ae9629850b546d194,"4,8","1,6"
559,0x36631c1e690714192614364ae9629850b546d194,"6,2","1,3"
560,0x36631c1e690714192614364ae9629850b546d194,"3,9","1,5"
561,0x36631c1e690714192614364ae9629850b546d194,"3,12","1,6"
562,0x36631c1e690714192614364ae9629850b546d194,"6,1","1,9"
563,0x36631c1e690714192614364ae9629850b546d194,"6,10","1,8"
564,0x36631c1e690714192614364ae9629850b546d194,"3,11","1,7"
565,0x36631c1e690714192614364ae9629850b546d194,"3,9","1,3"
566,0x36631c1e690714192614364ae9629850b546d194,"6,11","1,8"
567,0x36631c1e690714192614364ae9629850b546d194,"6,10","1,7"
568,0x36631c1e690714192614364ae9629850b546d194,"6,0","1,6"
569,0x36631c1e690714192614364ae9629850b546d194,"3,12","1,8"
570,0x36631c1e690714192614364ae9629850b546d194,"6,9","1,5"
571,0x36631c1e690714192614364ae9629850b546d194,"3,10","1,8"
572,0x36631c1e690714192614364ae9629850b546d194,"6,9","1,3"
573,0x36631c1e690714192614364ae9629850b546d194,"3,0","1,10"
574,0x36631c1e690714192614364ae9629850b546d194,"6,11","1,8"
575,0x36631c1e690714192614364ae9629850b546d194,"6,11","1,10"
576,0x36631c1e690714192614364ae9629850b546d194,"6,1","1,6"
577,0x36631c1e690714192614364ae9629850b546d194,"3,12","1,7"
578,0x36631c1e690714192614364ae9629850b546d194,"3,2","1,3"
579,0x36631c1e690714192614364ae9629850b546d194,"3,2","1,3"
580,0x36631c1e690714192614364ae9629850b546d194,"6,8","1,10"
581,0x36631c1e690714192614364ae9629850b546d194,"3,2","1,5"
582,0x36631c1e690714192614364ae9629850b546d194,"3,9","1,5"
583,0x36631c1e690714192614364ae9629850b546d194,"7,9","1,4"
584,0x36631c1e690714192614364ae9629850b546d194,"3,1","1,5"
585,0x36631c1e690714192614364ae9629850b546d194,"6,1","1,7"
586,0x36631c1e690714192614364ae9629850b546d194,"6,11","1,7"
587,0x36631c1e690714192614364ae9629850b546d194,"6,8","1,9"
588,0x36631c1e690714192614364ae9629850b546d194,"6,0","1,10"
589,0x36631c1e690714192614364ae9629850b546d194,"3,1","1,6"
590,0x36631c1e690714192614364ae9629850b546d194,"4,11","1,7"
591,0x36631c1e690714192614364ae9629850b546d194,"6,2","1,5"
592,0x36631c1e690714192614364ae9629850b546d194,"6,10","1,9"
593,0x36631c1e690714192614364ae9629850b546d194,"4,1","1,9"
594,0x36631c1e690714192614364ae9629850b546d194,"3,11","1,5"
595,0x36631c1e690714192614364ae9629850b546d194,"6,2","1,3"
596,0x36631c1e690714192614364ae9629850b546d194,"7,0","1,8"
597,0x36631c1e690714192614364ae9629850b546d194,"6,10","1,6"
598,0x36631c1e690714192614364ae9629850b546d194,"3,10","1,5"
599,0x36631c1e690714192614364ae9629850b546d194,"4,9","1,4"
600,0x36631c1e690714192614364ae9629850b546d194,"6,2","1,5"
601,0x36631c1e690714192614364ae9629850b546d194,"3,1","1,5"
602,0x36631c1e690714192614364ae9629850b546d194,"3,12","1,5"
603,0x36631c1e690714192614364ae9629850b546d194,"6,10","1,7"
604,0x36631c1e690714192614364ae9629850b546d194,"3,2","1,5"
605,0x36631c1e690714192614364ae9629850b546d194,"6,11","1,5"
606,0x36631c1e690714192614364ae9629850b546d194,"3,11","1,9"
607,0x36631c1e690714192614364ae9629850b546d194,"4,0","1,8"
608,0x36631c1e690714192614364ae9629850b546d194,"4,10","1,6"
609,0x36631c1e690714192614364ae9629850b546d194,"3,11","1,5"
610,0x36631c1e690714192614364ae9629850b546d194,"7,2","1,5"
611,0x36631c1e690714192614364ae9629850b546d194,"6,0","1,8"
612,0x36631c1e690714192614364ae9629850b546d194,"7,12","1,10"
613,0x36631c1e690714192614364ae9629850b546d194,"6,11","1,7"
614,0x36631c1e690714192614364ae9629850b546d194,"6,0","1,5"
615,0x36631c1e690714192614364ae9629850b546d194,"6,10","1,6"
616,0x36631c1e690714192614364ae9629850b546d194,"3,11","1,7"
617,0x36631c1e690714192614364ae9629850b546d194,"7,1","1,6"
618,0x36631c1e690714192614364ae9629850b546d194,"4,2","1,3"
619,0x36631c1e690714192614364ae9629850b546d194,"3,0","1,10"
620,0x36631c1e690714192614364ae9629850b546d194,"3,0","1,10"
621,0x36631c1e690714192614364ae9629850b546d194,"4,8","1,8"
622,0x36631c1e690714192614364ae9629850b546d194,"3,8","1,8"
623,0x36631c1e690714192614364ae9629850b546d194,"3,9","1,5"
624,0x36631c1e690714192614364ae9629850b546d194,"6,11","1,5"
625,0x36631c1e690714192614364ae9629850b546d194,"6,11","1,6"
626,0x36631c1e690714192614364ae9629850b546d194,"6,9","1,5"
627,0x36631c1e690714192614364ae9629850b546d194,"6,1","1,7"
628,0x36631c1e690714192614364ae9629850b546d194,"6,0","1,6"
629,0x36631c1e690714192614364ae9629850b546d194,"7,2","1,3"
630,0x36631c1e690714192614364ae9629850b546d194,"6,9","1,5"
631,0x36631c1e690714192614364ae9629850b546d194,"3,9","1,3"
632,0x36631c1e690714192614364ae9629850b546d194,"6,0","1,5"
633,0x36631c1e690714192614364ae9629850b546d194,"3,1","1,8"
634,0x36631c1e690714192614364ae9629850b546d194,"6,2","1,4"
635,0x36631c1e690714192614364ae9629850b546d194,"6,10","1,8"
636,0x36631c1e690714192614364ae9629850b546d194,"6,8","1,9"
637,0x36631c1e690714192614364ae9629850b546d194,"3,2","1,4"
638,0x36631c1e690714192614364ae9629850b546d194,"6,1","1,8"
639,0x36631c1e690714192614364ae9629850b546d194,"6,0","1,5"
640,0x36631c1e690714192614364ae9629850b546d194,"4,12","1,7"
641,0x36631c1e690714192614364ae9629850b546d194,"6,11","1,8"
642,0x36631c1e690714192614364ae9629850b546d194,"3,2","1,4"
643,0x36631c1e690714192614364ae9629850b546d194,"3,11","1,10"
644,0x36631c1e690714192614364ae9629850b546d194,"7,2","1,3"
645,0x36631c1e690714192614364ae9629850b546d194,"3,12","1,5"
646,0x36631c1e690714192614364ae9629850b546d194,"6,10","1,10"
647,0x36631c1e690714192614364ae9629850b546d194,"6,12","1,9"
648,0x36631c1e690714192614364ae9629850b546d194,"3,8","1,5"
649,0x36631c1e690714192614364ae9629850b546d194,"4,2","1,4"
650,0x36631c1e690714192614364ae9629850b546d194,"6,1","1,6"
651,0x36631c1e690714192614364ae9629850b546d194,"6,0","1,9"
652,0x36631c1e690714192614364ae9629850b546d194,"4,1","1,5"
653,0x36631c1e690714192614364ae9629850b546d194,"3,10","1,7"
654,0x36631c1e690714192614364ae9629850b546d194,"4,11","1,7"
655,0x36631c1e690714192614364ae9629850b546d194,"6,9","1,5"
656,0x36631c1e690714192614364ae9629850b546d194,"6,8","1,8"
657,0x36631c1e690714192614364ae9629850b546d194,"7,12","1,6"
658,0x36631c1e690714192614364ae9629850b546d194,"6,2","1,5"
659,0x36631c1e690714192614364ae9629850b546d194,"6,12","1,10"
660,0x36631c1e690714192614364ae9629850b546d194,"6,1","1,5"
661,0x36631c1e690714192614364ae9629850b546d194,"3,0","1,6"
662,0x36631c1e690714192614364ae9629850b546d194,"6,12","1,9"
663,0x36631c1e690714192614364ae9629850b546d194,"4,11","1,6"
664,0x36631c1e690714192614364ae9629850b546d194,"6,1","1,6"
665,0x36631c1e690714192614364ae9629850b546d194,"3,8","1,8"
666,0x36631c1e690714192614364ae9629850b546d194,"6,8","1,5"
667,0x36631c1e690714192614364ae9629850b546d194,"6,12","1,5"
668,0x36631c1e690714192614364ae9629850b546d194,"4,0","1,5"
669,0x36631c1e690714192614364ae9629850b546d194,"3,1","1,7"
670,0x36631c1e690714192614364ae9629850b546d194,"3,9","1,4"
671,0x36631c1e690714192614364ae9629850b546d194,"6,12","1,10"
672,0x36631c1e690714192614364ae9629850b546d194,"3,1","1,5"
673,0x36631c1e690714192614364ae9629850b546d194,"6,9","1,3"
674,0x36631c1e690714192614364ae9629850b546d194,"3,11","1,10"
675,0x36631c1e690714192614364ae9629850b546d194,"3,12","1,9"
676,0x36631c1e690714192614364ae9629850b546d194,"7,2","1,5"
677,0x36631c1e690714192614364ae9629850b546d194,"4,8","1,6"
678,0x36631c1e690714192614364ae9629850b546d194,"6,0","1,8"
679,0x36631c1e690714192614364ae9629850b546d194,"7,12","1,10"
680,0x36631c1e690714192614364ae9629850b546d194,"6,9","1,4"
681,0x36631c1e690714192614364ae9629850b546d194,"3,9","1,3"
682,0x36631c1e690714192614364ae9629850b546d194,"6,1","1,9"
683,0x36631c1e690714192614364ae9629850b546d194,"6,0","1,9"
684,0x36631c1e690714192614364ae9629850b546d194,"6,10","1,7"
685,0x36631c1e690714192614364ae9629850b546d194,"6,9","1,5"
686,0x36631c1e690714192614364ae9629850b546d194,"3,2","1,5"
687,0x36631c1e690714192614364ae9629850b546d194,"6,2","1,4"
688,0x36631c1e690714192614364ae9629850b546d194,"6,9","1,3"
689,0x36631c1e690714192614364ae9629850b546d194,"7,1","1,10"
690,0x36631c1e690714192614364ae9629850b546d194,"3,10","1,7"
691,0x36631c1e690714192614364ae9629850b546d194,"6,9","1,4"
692,0x36631c1e690714192614364ae9629850b546d194,"3,9","1,5"
693,0x36631c1e690714192614364ae9629850b546d194,"3,12","1,9"
694,0x36631c1e690714192614364ae9629850b546d194,"3,0","1,7"
695,0x36631c1e690714192614364ae9629850b546d194,"3,0","1,9"
696,0x36631c1e690714192614364ae9629850b546d194,"6,1","1,5"
697,0x36631c1e690714192614364ae9629850b546d194,"4,12","1,6"
698,0x36631c1e690714192614364ae9629850b546d194,"4,2","1,3"
699,0x36631c1e690714192614364ae9629850b546d194,"3,12","1,7"
700,0x36631c1e690714192614364ae9629850b546d194,"3,2","1,4"
701,0x36631c1e690714192614364ae9629850b546d194,"4,10","1,9"
702,0x36631c1e690714192614364ae9629850b546d194,"3,10","1,10"
703,0x36631c1e690714192614364ae9629850b546d194,"6,12","1,10"
704,0x36631c1e690714192614364ae9629850b546d194,"3,2","1,5"
705,0x36631c1e690714192614364ae9629850b546d194,"3,9","1,5"
706,0x36631c1e690714192614364ae9629850b546d194,"7,2","1,5"
707,0x36631c1e690714192614364ae9629850b546d194,"6,0","1,6"
708,0x36631c1e690714192614364ae9629850b546d194,"6,12","1,6"
709,0x36631c1e690714192614364ae9629850b546d194,"3,9","1,5"
710,0x36631c1e690714192614364ae9629850b546d194,"3,11","1,7"
711,0x36631c1e690714192614364ae9629850b546d194,"3,10","1,8"
712,0x36631c1e690714192614364ae9629850b546d194,"6,8","1,5"
713,0x36631c1e690714192614364ae9629850b546d194,"3,1","1,9"
714,0x36631c1e690714192614364ae9629850b546d194,"3,11","1,9"
715,0x36631c1e690714192614364ae9629850b546d194,"6,10","1,7"
716,0x36631c1e690714192614364ae9629850b546d194,"3,10","1,7"
717,0x36631c1e690714192614364ae9629850b546d194,"6,9","1,3"
718,0x36631c1e690714192614364ae9629850b546d194,"3,8","1,8"
719,0x36631c1e690714192614364ae9629850b546d194,"3,1","1,7"
720,0x36631c1e690714192614364ae9629850b546d194,"3,12","1,5"
721,0x36631c1e690714192614364ae9629850b546d194,"3,10","1,9"
722,0x36631c1e690714192614364ae9629850b546d194,"6,0","1,10"
723,0x36631c1e690714192614364ae9629850b546d194,"3,0","1,6"
724,0x36631c1e690714192614364ae9629850b546d194,"6,2","1,3"
725,0x36631c1e690714192614364ae9629850b546d194,"6,2","1,4"
726,0x36631c1e690714192614364ae9629850b546d194,"3,11","1,6"
727,0x36631c1e690714192614364ae9629850b546d194,"3,2","1,3"
728,0x36631c1e690714192614364ae9629850b546d194,"3,2","1,3"
729,0x36631c1e690714192614364ae9629850b546d194,"3,0","1,6"
730,0x36631c1e690714192614364ae9629850b546d194,"7,0","1,6"
731,0x36631c1e690714192614364ae9629850b546d194,"3,12","1,10"
732,0x36631c1e690714192614364ae9629850b546d194,"4,9","1,5"
733,0x36631c1e690714192614364ae9629850b546d194,"6,10","1,8"
734,0x36631c1e690714192614364ae9629850b546d194,"3,11","1,5"
735,0x36631c1e690714192614364ae9629850b546d194,"3,0","1,7"
736,0x36631c1e690714192614364ae9629850b546d194,"6,10","1,5"
737,0x36631c1e690714192614364ae9629850b546d194,"3,0","1,10"
738,0x36631c1e690714192614364ae9629850b546d194,"3,11","1,10"
739,0x36631c1e690714192614364ae9629850b546d194,"6,11","1,7"
740,0x36631c1e690714192614364ae9629850b546d194,"7,1","1,8"
741,0x36631c1e690714192614364ae9629850b546d194,"6,12","1,8"
742,0x36631c1e690714192614364ae9629850b546d194,"6,12","1,5"
743,0x36631c1e690714192614364ae9629850b546d194,"6,0","1,10"
744,0x36631c1e690714192614364ae9629850b546d194,"3,10","1,9"
745,0x36631c1e690714192614364ae9629850b546d194,"6,1","1,6"
746,0x36631c1e690714192614364ae9629850b546d194,"7,2","1,4"
747,0x36631c1e690714192614364ae9629850b546d194,"3,1","1,6"
748,0x36631c1e690714192614364ae9629850b546d194,"6,11","1,8"
749,0x36631c1e690714192614364ae9629850b546d194,"4,9","1,4"
750,0x36631c1e690714192614364ae9629850b546d194,"6,0","1,7"
751,0x36631c1e690714192614364ae9629850b546d194,"3,1","1,9"
752,0x36631c1e690714192614364ae9629850b546d194,"6,10","1,6"
753,0x36631c1e690714192614364ae9629850b546d194,"3,12","1,8"
754,0x36631c1e690714192614364ae9629850b546d194,"3,10","1,5"
755,0x36631c1e690714192614364ae9629850b546d194,"6,9","1,3"
756,0x36631c1e690714192614364ae9629850b546d194,"3,9","1,4"
757,0x36631c1e690714192614364ae9629850b546d194,"7,11","1,9"
758,0x36631c1e690714192614364ae9629850b546d194,"3,10","1,10"
759,0x36631c1e690714192614364ae9629850b546d194,"4,11","1,9"
760,0x36631c1e690714192614364ae9629850b546d194,"4,12","1,5"
761,0x36631c1e690714192614364ae9629850b546d194,"3,8","1,7"
762,0x36631c1e690714192614364ae9629850b546d194,"4,9","1,4"
763,0x36631c1e690714192614364ae9629850b546d194,"6,2","1,4"
764,0x36631c1e690714192614364ae9629850b546d194,"7,2","1,4"
765,0x36631c1e690714192614364ae9629850b546d194,"3,0","1,5"
766,0x36631c1e690714192614364ae9629850b546d194,"6,11","1,9"
767,0x36631c1e690714192614364ae9629850b546d194,"3,1","1,9"
768,0x36631c1e690714192614364ae9629850b546d194,"6,2","1,3"
769,0x36631c1e690714192614364ae9629850b546d194,"3,9","1,3"
770,0x36631c1e690714192614364ae9629850b546d194,"6,2","1,3"
771,0x36631c1e690714192614364ae9629850b546d194,"4,10","1,8"
772,0x36631c1e690714192614364ae9629850b546d194,"7,0","1,10"
773,0x36631c1e690714192614364ae9629850b546d194,"6,11","1,5"
774,0x36631c1e690714192614364ae9629850b546d194,"6,2","1,3"
775,0x36631c1e690714192614364ae9629850b546d194,"4,9","1,4"
776,0x36631c1e690714192614364ae9629850b546d194,"6,8","1,8"
777,0x36631c1e690714192614364ae9629850b546d194,"3,8","1,8"
778,0x36631c1e690714192614364ae9629850b546d194,"4,10","1,7"
779,0x36631c1e690714192614364ae9629850b546d194,"3,1","1,9"
780,0x36631c1e690714192614364ae9629850b546d194,"3,8","1,8"
781,0x36631c1e690714192614364ae9629850b546d194,"6,11","1,9"
782,0x36631c1e690714192614364ae9629850b546d194,"6,10","1,7"
783,0x36631c1e690714192614364ae9629850b546d194,"4,12","1,10"
784,0x36631c1e690714192614364ae9629850b546d194,"3,0","1,10"
785,0x36631c1e690714192614364ae9629850b546d194,"3,11","1,7"
786,0x36631c1e690714192614364ae9629850b546d194,"7,12","1,6"
787,0x36631c1e690714192614364ae9629850b546d194,"3,10","1,9"
788,0x36631c1e690714192614364ae9629850b546d194,"6,11","1,5"
789,0x36631c1e690714192614364ae9629850b546d194,"7,12","1,5"
790,0x36631c1e690714192614364ae9629850b546d194,"4,10","1,6"
791,0x36631c1e690714192614364ae9629850b546d194,"3,10","1,8"
792,0x36631c1e690714192614364ae9629850b546d194,"4,8","1,5"
793,0x36631c1e690714192614364ae9629850b546d194,"7,8","1,5"
794,0x36631c1e690714192614364ae9629850b546d194,"3,8","1,6"
795,0x36631c1e690714192614364ae9629850b546d194,"6,11","1,9"
796,0x36631c1e690714192614364ae9629850b546d194,"7,11","1,8"
797,0x36631c1e690714192614364ae9629850b546d194,"4,0","1,8"
798,0x36631c1e690714192614364ae9629850b546d194,"3,8","1,8"
799,0x36631c1e690714192614364ae9629850b546d194,"7,2","1,5"
800,0x36631c1e690714192614364ae9629850b546d194,"6,10","1,9"
801,0x36631c1e690714192614364ae9629850b546d194,"7,2","1,4"
802,0x36631c1e690714192614364ae9629850b546d194,"3,9","1,5"
803,0x36631c1e690714192614364ae9629850b546d194,"7,8","1,10"
804,0x36631c1e690714192614364ae9629850b546d194,"3,1","1,8"
805,0x36631c1e690714192614364ae9629850b546d194,"3,11","1,8"
806,0x36631c1e690714192614364ae9629850b546d194,"3,0","1,7"
807,0x36631c1e690714192614364ae9629850b546d194,"3,11","1,9"
808,0x36631c1e690714192614364ae9629850b546d194,"7,2","1,5"
809,0x36631c1e690714192614364ae9629850b546d194,"3,0","1,5"
810,0x36631c1e690714192614364ae9629850b546d194,"4,12","1,5"
811,0x36631c1e690714192614364ae9629850b546d194,"3,8","1,7"
812,0x36631c1e690714192614364ae9629850b546d194,"4,12","1,5"
813,0x36631c1e690714192614364ae9629850b546d194,"3,0","1,7"
814,0x36631c1e690714192614364ae9629850b546d194,"3,8","1,5"
815,0x36631c1e690714192614364ae9629850b546d194,"7,12","1,9"
816,0x36631c1e690714192614364ae9629850b546d194,"7,11","1,9"
817,0x36631c1e690714192614364ae9629850b546d194,"6,0","1,7"
818,0x36631c1e690714192614364ae9629850b546d194,"3,2","1,5"
819,0x36631c1e690714192614364ae9629850b546d194,"6,2","1,4"
820,0x36631c1e690714192614364ae9629850b546d194,"4,0","1,10"
821,0x36631c1e690714192614364ae9629850b546d194,"3,8","1,5"
822,0x36631c1e690714192614364ae9629850b546d194,"7,10","1,5"
823,0x36631c1e690714192614364ae9629850b546d194,"7,12","1,10"
824,0x36631c1e690714192614364ae9629850b546d194,"3,9","1,4"
825,0x36631c1e690714192614364ae9629850b546d194,"3,2","1,3"
826,0x36631c1e690714192614364ae9629850b546d194,"6,8","1,5"
827,0x36631c1e690714192614364ae9629850b546d194,"6,12","1,6"
828,0x36631c1e690714192614364ae9629850b546d194,"7,11","1,9"
829,0x36631c1e690714192614364ae9629850b546d194,"7,2","1,3"
830,0x36631c1e690714192614364ae9629850b546d194,"6,0","1,10"
831,0x36631c1e690714192614364ae9629850b546d194,"7,9","1,5"
832,0x36631c1e690714192614364ae9629850b546d194,"3,10","1,8"
833,0x36631c1e690714192614364ae9629850b546d194,"3,9","1,3"
834,0x36631c1e690714192614364ae9629850b546d194,"6,1","1,7"
835,0x36631c1e690714192614364ae9629850b546d194,"6,9","1,3"
836,0x36631c1e690714192614364ae9629850b546d194,"3,2","1,5"
837,0x36631c1e690714192614364ae9629850b546d194,"3,0","1,6"
838,0x36631c1e690714192614364ae9629850b546d194,"6,9","1,3"
839,0x36631c1e690714192614364ae9629850b546d194,"7,11","1,9"
840,0x36631c1e690714192614364ae9629850b546d194,"6,8","1,9"
841,0x36631c1e690714192614364ae9629850b546d194,"6,8","1,6"
842,0x36631c1e690714192614364ae9629850b546d194,"6,9","1,3"
843,0x36631c1e690714192614364ae9629850b546d194,"7,11","1,9"
844,0x36631c1e690714192614364ae9629850b546d194,"3,11","1,8"
845,0x36631c1e690714192614364ae9629850b546d194,"4,12","1,8"
846,0x36631c1e690714192614364ae9629850b546d194,"3,8","1,8"
847,0x36631c1e690714192614364ae9629850b546d194,"3,8","1,9"
848,0x36631c1e690714192614364ae9629850b546d194,"3,1","1,8"
849,0x36631c1e690714192614364ae9629850b546d194,"3,10","1,9"
850,0x36631c1e690714192614364ae9629850b546d194,"6,0","1,10"
851,0x36631c1e690714192614364ae9629850b546d194,"4,10","1,9"
852,0x36631c1e690714192614364ae9629850b546d194,"6,2","1,5"
853,0x36631c1e690714192614364ae9629850b546d194,"6,8","1,7"
854,0x36631c1e690714192614364ae9629850b546d194,"4,1","1,9"
855,0x36631c1e690714192614364ae9629850b546d194,"3,12","1,5"
856,0x36631c1e690714192614364ae9629850b546d194,"3,8","1,8"
857,0x36631c1e690714192614364ae9629850b546d194,"3,10","1,5"
858,0x36631c1e690714192614364ae9629850b546d194,"6,9","1,3"
859,0x36631c1e690714192614364ae9629850b546d194,"6,11","1,5"
860,0x36631c1e690714192614364ae9629850b546d194,"7,1","1,6"
861,0x36631c1e690714192614364ae9629850b546d194,"6,10","1,10"
862,0x36631c1e690714192614364ae9629850b546d194,"7,8","1,10"
863,0x36631c1e690714192614364ae9629850b546d194,"3,11","1,5"
864,0x36631c1e690714192614364ae9629850b546d194,"4,9","1,4"
865,0x36631c1e690714192614364ae9629850b546d194,"7,8","1,9"
866,0x36631c1e690714192614364ae9629850b546d194,"3,2","1,3"
867,0x36631c1e690714192614364ae9629850b546d194,"3,8","1,6"
868,0x36631c1e690714192614364ae9629850b546d194,"6,2","1,4"
869,0x36631c1e690714192614364ae9629850b546d194,"6,10","1,6"
870,0x36631c1e690714192614364ae9629850b546d194,"6,2","1,4"
871,0x36631c1e690714192614364ae9629850b546d194,"4,2","1,5"
872,0x36631c1e690714192614364ae9629850b546d194,"6,2","1,4"
873,0x36631c1e690714192614364ae9629850b546d194,"6,0","1,5"
874,0x36631c1e690714192614364ae9629850b546d194,"3,12","1,8"
875,0x36631c1e690714192614364ae9629850b546d194,"3,1","1,8"
876,0x36631c1e690714192614364ae9629850b546d194,"3,1","1,10"
877,0x36631c1e690714192614364ae9629850b546d194,"3,12","1,5"
878,0x36631c1e690714192614364ae9629850b546d194,"6,10","1,10"
879,0x36631c1e690714192614364ae9629850b546d194,"6,1","1,9"
880,0x36631c1e690714192614364ae9629850b546d194,"3,2","1,3"
881,0x36631c1e690714192614364ae9629850b546d194,"4,11","1,10"
882,0x36631c1e690714192614364ae9629850b546d194,"6,10","1,10"
883,0x36631c1e690714192614364ae9629850b546d194,"3,2","1,4"
884,0x36631c1e690714192614364ae9629850b546d194,"7,9","1,4"
885,0x36631c1e690714192614364ae9629850b546d194,"6,11","1,9"
886,0x36631c1e690714192614364ae9629850b546d194,"3,0","1,5"
887,0x36631c1e690714192614364ae9629850b546d194,"6,2","1,4"
888,0x36631c1e690714192614364ae9629850b546d194,"6,1","1,9"
889,0x36631c1e690714192614364ae9629850b546d194,"7,0","1,9"
890,0x36631c1e690714192614364ae9629850b546d194,"4,10","1,9"
891,0x36631c1e690714192614364ae9629850b546d194,"3,9","1,5"
892,0x36631c1e690714192614364ae9629850b546d194,"3,9","1,5"
893,0x36631c1e690714192614364ae9629850b546d194,"6,11","1,9"
894,0x36631c1e690714192614364ae9629850b546d194,"3,12","1,7"
895,0x36631c1e690714192614364ae9629850b546d194,"3,8","1,10"
896,0x36631c1e690714192614364ae9629850b546d194,"6,2","1,3"
897,0x36631c1e690714192614364ae9629850b546d194,"7,10","1,7"
898,0x36631c1e690714192614364ae9629850b546d194,"4,1","1,10"
899,0x36631c1e690714192614364ae9629850b546d194,"7,9","1,3"
900,0x36631c1e690714192614364ae9629850b546d194,"3,2","1,3"
901,0x36631c1e690714192614364ae9629850b546d194,"3,9","1,5"
902,0x36631c1e690714192614364ae9629850b546d194,"4,1","1,7"
903,0x36631c1e690714192614364ae9629850b546d194,"6,2","1,4"
904,0x36631c1e690714192614364ae9629850b546d194,"3,8","1,8"
905,0x36631c1e690714192614364ae9629850b546d194,"7,8","1,9"
906,0x36631c1e690714192614364ae9629850b546d194,"6,8","1,9"
907,0x36631c1e690714192614364ae9629850b546d194,"4,2","1,5"
908,0x36631c1e690714192614364ae9629850b546d194,"3,1","1,8"
909,0x36631c1e690714192614364ae9629850b546d194,"7,9","1,3"
910,0x36631c1e690714192614364ae9629850b546d194,"3,9","1,5"
911,0x36631c1e690714192614364ae9629850b546d194,"7,2","1,4"
912,0x36631c1e690714192614364ae9629850b546d194,"3,9","1,5"
913,0x36631c1e690714192614364ae9629850b546d194,"3,9","1,5"
914,0x36631c1e690714192614364ae9629850b546d194,"7,2","1,4"
915,0x36631c1e690714192614364ae9629850b546d194,"6,2","1,5"
916,0x36631c1e690714192614364ae9629850b546d194,"3,8","1,6"
917,0x36631c1e690714192614364ae9629850b546d194,"4,10","1,6"
918,0x36631c1e690714192614364ae9629850b546d194,"3,11","1,9"
919,0x36631c1e690714192614364ae9629850b546d194,"4,1","1,10"
920,0x36631c1e690714192614364ae9629850b546d194,"6,8","1,9"
921,0x36631c1e690714192614364ae9629850b546d194,"3,8","1,7"
922,0x36631c1e690714192614364ae9629850b546d194,"3,8","1,5"
923,0x36631c1e690714192614364ae9629850b546d194,"6,11","1,10"
924,0x36631c1e690714192614364ae9629850b546d194,"4,1","1,9"
925,0x36631c1e690714192614364ae9629850b546d194,"3,11","1,9"
926,0x36631c1e690714192614364ae9629850b546d194,"3,11","1,10"
927,0x36631c1e690714192614364ae9629850b546d194,"7,0","1,7"
928,0x36631c1e690714192614364ae9629850b546d194,"3,9","1,5"
929,0x36631c1e690714192614364ae9629850b546d194,"3,11","1,9"
930,0x36631c1e690714192614364ae9629850b546d194,"4,11","1,6"
931,0x36631c1e690714192614364ae9629850b546d194,"3,11","1,10"
932,0x36631c1e690714192614364ae9629850b546d194,"4,8","1,6"
933,0x36631c1e690714192614364ae9629850b546d194,"6,12","1,6"
934,0x36631c1e690714192614364ae9629850b546d194,"6,11","1,9"
935,0x36631c1e690714192614364ae9629850b546d194,"4,2","1,5"
936,0x36631c1e690714192614364ae9629850b546d194,"6,11","1,6"
937,0x36631c1e690714192614364ae9629850b546d194,"4,10","1,8"
938,0x36631c1e690714192614364ae9629850b546d194,"3,9","1,5"
939,0x36631c1e690714192614364ae9629850b546d194,"6,12","1,10"
940,0x36631c1e690714192614364ae9629850b546d194,"7,9","1,5"
941,0x36631c1e690714192614364ae9629850b546d194,"3,9","1,5"
942,0x36631c1e690714192614364ae9629850b546d194,"6,10","1,7"
943,0x36631c1e690714192614364ae9629850b546d194,"6,1","1,10"
944,0x36631c1e690714192614364ae9629850b546d194,"3,9","1,5"
945,0x36631c1e690714192614364ae9629850b546d194,"3,11","1,6"
946,0x36631c1e690714192614364ae9629850b546d194,"3,12","1,9"
947,0x36631c1e690714192614364ae9629850b546d194,"6,11","1,10"
948,0x36631c1e690714192614364ae9629850b546d194,"6,9","1,5"
949,0x36631c1e690714192614364ae9629850b546d194,"3,1","1,7"
950,0x36631c1e690714192614364ae9629850b546d194,"6,11","1,8"
951,0x36631c1e690714192614364ae9629850b546d194,"7,8","1,8"
952,0x36631c1e690714192614364ae9629850b546d194,"3,1","1,10"
953,0x36631c1e690714192614364ae9629850b546d194,"3,11","1,9"
954,0x36631c1e690714192614364ae9629850b546d194,"7,10","1,6"
955,0x36631c1e690714192614364ae9629850b546d194,"4,9","1,4"
956,0x36631c1e690714192614364ae9629850b546d194,"6,2","1,5"
957,0x36631c1e690714192614364ae9629850b546d194,"3,12","1,7"
958,0x36631c1e690714192614364ae9629850b546d194,"6,8","1,8"
959,0x36631c1e690714192614364ae9629850b546d194,"3,11","1,5"
960,0x36631c1e690714192614364ae9629850b546d194,"6,1","1,6"
961,0x36631c1e690714192614364ae9629850b546d194,"6,10","1,10"
962,0x36631c1e690714192614364ae9629850b546d194,"7,10","1,8"
963,0x36631c1e690714192614364ae9629850b546d194,"3,1","1,10"
964,0x36631c1e690714192614364ae9629850b546d194,"3,2","1,3"
965,0x36631c1e690714192614364ae9629850b546d194,"7,8","1,9"
966,0x36631c1e690714192614364ae9629850b546d194,"7,1","1,9"
967,0x36631c1e690714192614364ae9629850b546d194,"3,8","1,6"
968,0x36631c1e690714192614364ae9629850b546d194,"3,11","1,6"
969,0x36631c1e690714192614364ae9629850b546d194,"6,1","1,6"
970,0x36631c1e690714192614364ae9629850b546d194,"6,11","1,5"
971,0x36631c1e690714192614364ae9629850b546d194,"3,2","1,5"
972,0x36631c1e690714192614364ae9629850b546d194,"3,1","1,6"
973,0x36631c1e690714192614364ae9629850b546d194,"4,0","1,6"
974,0x36631c1e690714192614364ae9629850b546d194,"3,0","1,5"
975,0x36631c1e690714192614364ae9629850b546d194,"3,12","1,8"
976,0x36631c1e690714192614364ae9629850b546d194,"6,11","1,5"
977,0x36631c1e690714192614364ae9629850b546d194,"7,10","1,5"
978,0x36631c1e690714192614364ae9629850b546d194,"6,8","1,7"
979,0x36631c1e690714192614364ae9629850b546d194,"4,10","1,5"
980,0x36631c1e690714192614364ae9629850b546d194,"3,2","1,5"
981,0x36631c1e690714192614364ae9629850b546d194,"7,10","1,6"
982,0x36631c1e690714192614364ae9629850b546d194,"6,8","1,10"
983,0x36631c1e690714192614364ae9629850b546d194,"6,2","1,5"
984,0x36631c1e690714192614364ae9629850b546d194,"6,10","1,7"
985,0x36631c1e690714192614364ae9629850b546d194,"3,1","1,9"
986,0x36631c1e690714192614364ae9629850b546d194,"6,1","1,9"
987,0x36631c1e690714192614364ae9629850b546d194,"6,9","1,3"
988,0x36631c1e690714192614364ae9629850b546d194,"6,2","1,3"
989,0x36631c1e690714192614364ae9629850b546d194,"3,0","1,10"
990,0x36631c1e690714192614364ae9629850b546d194,"3,0","1,9"
991,0x36631c1e690714192614364ae9629850b546d194,"6,0","1,8"
992,0x36631c1e690714192614364ae9629850b546d194,"7,10","1,10"
993,0x36631c1e690714192614364ae9629850b546d194,"6,9","1,3"
994,0x36631c1e690714192614364ae9629850b546d194,"6,11","1,6"
995,0x36631c1e690714192614364ae9629850b546d194,"6,10","1,6"
996,0x36631c1e690714192614364ae9629850b546d194,"3,9","1,5"
997,0x36631c1e690714192614364ae9629850b546d194,"3,10","1,8"
998,0x36631c1e690714192614364ae9629850b546d194,"3,0","1,5"
999,0x36631c1e690714192614364ae9629850b546d194,"4,12","1,7"
1000,0x36631c1e690714192614364ae9629850b546d194,"3,1","1,9"